,Image,Label
0,"[[[31, 32], [0, 7]], [[27, 37, 38, 35, 21], [4, 4, 6, 7, 3]], [[25, 28, 38, 39], [5, 10, 10, 7]], [[33, 34, 32], [4, 33, 44]], [[5, 188, 254, 251, 241, 185, 45, 9, 0], [50, 50, 54, 83, 86, 90, 86, 77, 52]], [[35, 35, 43, 125, 126], [85, 91, 92, 96, 90]], [[35, 76, 80, 77], [35, 37, 41, 47]], [[53, 50, 54, 80, 78], [34, 23, 22, 23, 34]]]",aircraft carrier
1,"[[[50, 50], [72, 71]], [[50, 130, 247, 252, 255, 250, 211, 144, 64, 9, 0, 0, 12, 54, 59, 73], [71, 80, 81, 91, 117, 126, 150, 145, 144, 129, 104, 83, 72, 64, 63, 74]], [[58, 94, 191, 214, 221, 221, 221, 213, 169, 127, 59, 58], [38, 43, 43, 48, 51, 54, 63, 76, 80, 78, 59, 32]], [[132, 129, 132, 139, 142], [53, 67, 74, 70, 52]], [[98, 93, 78], [42, 28, 4]], [[76, 76], [0, 0]]]",aircraft carrier
2,"[[[249, 238, 199, 167, 64, 24, 6, 8, 13, 25, 47, 78, 102, 197, 215, 228, 239, 246, 255, 253], [93, 93, 107, 111, 113, 119, 128, 165, 185, 198, 211, 222, 225, 225, 220, 213, 201, 187, 124, 79]], [[235, 230, 218, 216, 197, 169, 156, 154], [88, 45, 1, 0, 11, 15, 25, 106]], [[138, 135, 125, 127, 137], [98, 84, 82, 102, 100]], [[105, 104, 74, 72, 76, 99, 118], [94, 81, 89, 90, 109, 108, 117]], [[22, 32, 34, 32, 13, 1, 1, 11, 27, 35], [106, 97, 92, 90, 94, 102, 109, 122, 118, 107]]]",aircraft carrier
3,"[[[0, 10, 21, 47, 74, 119, 167, 180, 201, 226, 241, 248, 231, 159, 77, 19, 8], [149, 186, 207, 229, 240, 252, 255, 252, 241, 216, 184, 142, 141, 151, 152, 158, 157]], [[121, 122, 136, 140, 200, 220, 226, 229, 210], [156, 96, 47, 44, 65, 79, 88, 108, 151]], [[159, 155, 152, 156, 162, 158, 156], [79, 81, 89, 94, 90, 86, 89]], [[197, 194, 198, 202, 207, 210, 205, 203, 210], [100, 104, 107, 108, 105, 95, 92, 97, 103]], [[144, 140, 150, 153, 146], [123, 133, 134, 131, 127]], [[202, 199, 196, 194, 196, 191, 186], [134, 123, 126, 136, 116, 111, 112]], [[26, 31, 68, 114, 115], [153, 135, 135, 138, 158]], [[168, 163, 174], [58, 31, 0]]]",aircraft carrier
4,"[[[4, 0, 0, 5, 14, 29, 53, 87, 114, 148, 181, 197, 225, 244, 250, 250, 246, 239, 190, 153, 104, 58, 9], [49, 69, 111, 142, 166, 189, 216, 243, 255, 251, 234, 220, 188, 146, 123, 103, 88, 76, 30, 9, 0, 0, 7]]]",aircraft carrier
5,"[[[134, 76, 48, 42, 48, 50, 59, 125, 132, 139], [39, 33, 35, 42, 48, 58, 61, 57, 55, 37]], [[255, 239, 208, 169, 113, 95, 0], [51, 47, 47, 60, 58, 67, 58]], [[119, 127, 134, 146, 135], [36, 0, 7, 30, 32]], [[53, 53], [31, 31]]]",aircraft carrier
6,"[[[0, 9, 36, 58, 77, 120, 150, 175, 220, 255], [91, 108, 136, 150, 153, 138, 133, 134, 81, 61]], [[6, 51, 116, 255], [91, 86, 83, 62]], [[100, 111, 114], [3, 33, 77]], [[101, 113, 116, 131, 131], [0, 0, 3, 46, 76]], [[115, 113], [73, 83]]]",aircraft carrier
7,"[[[18, 15, 20, 119, 125, 144, 206, 221, 236, 241, 242, 238, 230, 178, 132, 119, 42, 30, 26, 27, 18, 20, 26, 39, 61, 63, 35, 20, 1, 1, 8, 27, 41, 44, 42, 14, 9, 12, 27, 28, 25], [26, 46, 50, 53, 61, 68, 76, 75, 65, 52, 42, 34, 31, 26, 32, 43, 43, 42, 32, 22, 23, 28, 30, 30, 20, 15, 12, 15, 26, 32, 33, 25, 16, 10, 8, 18, 29, 31, 21, 17, 16]], [[196, 197, 214, 219, 216, 199], [4, 31, 27, 19, 10, 8]], [[171, 179, 255, 161, 204], [0, 3, 6, 3, 3]], [[200, 204, 213, 229, 253], [27, 46, 55, 61, 59]]]",aircraft carrier
8,"[[[1, 36, 115, 236], [68, 29, 20, 0]], [[7, 37, 82, 122, 183, 219, 235, 248], [77, 77, 69, 69, 58, 57, 22, 1]], [[0, 10, 90, 119, 226, 225], [80, 88, 86, 99, 83, 67]], [[248, 255, 231], [5, 25, 75]], [[26, 131, 193], [50, 35, 21]]]",aircraft carrier
9,"[[[109, 105, 109], [68, 45, 19]], [[123, 126, 132, 139], [70, 34, 17, 11]], [[148, 148, 153, 164, 174], [67, 45, 26, 9, 4]], [[169, 174, 180, 190, 203], [69, 30, 17, 4, 0]], [[193, 198, 211, 223, 231, 236], [61, 42, 19, 8, 5, 7]], [[215, 230, 242, 255], [63, 29, 13, 5]], [[109, 108, 112, 136, 186, 216, 224, 227, 224, 214, 214, 247, 165, 102, 107, 106, 107, 110], [67, 72, 78, 88, 93, 89, 81, 66, 59, 59, 52, 7, 16, 16, 32, 79, 82, 82]], [[109, 113, 117, 130, 137, 135, 131, 128, 118, 116, 121, 124, 131, 132, 129, 122, 115, 105, 108, 122, 141, 155, 161, 154, 154, 158, 164, 179, 194, 196, 185, 172, 171, 176, 184, 194, 202, 214, 213, 207, 199, 189, 184, 184, 189, 195, 206, 213, 212, 208, 203, 191, 182, 182, 187, 193, 195], [45, 57, 61, 61, 45, 28, 24, 25, 43, 68, 72, 71, 54, 41, 28, 25, 30, 54, 75, 79, 70, 52, 35, 53, 73, 79, 80, 67, 40, 29, 33, 58, 81, 90, 94, 89, 79, 51, 34, 28, 31, 43, 62, 73, 81, 83, 75, 44, 33, 28, 28, 37, 55, 62, 63, 58, 50]], [[146, 147], [112, 112]], [[159, 162], [111, 112]], [[172, 173], [112, 112]], [[181, 182], [110, 112]], [[180, 182], [112, 111]], [[183, 184], [113, 114]], [[182, 183], [112, 112]], [[153, 153], [109, 109]], [[161, 167], [114, 113]], [[152, 152], [109, 109]], [[145, 145], [114, 113]], [[141, 145], [112, 108]], [[58, 49, 36, 16, 0], [53, 39, 28, 20, 21]], [[0, 29, 52, 56, 49, 37, 14, 9, 34, 48, 31, 12, 9, 11, 44, 41, 31, 15, 8, 6, 44, 39, 29, 15, 0], [32, 51, 73, 68, 41, 29, 17, 18, 48, 72, 39, 25, 26, 32, 65, 47, 34, 24, 23, 26, 60, 44, 31, 21, 15]], [[53, 21], [60, 23]]]",aircraft carrier
10,"[[[0, 19, 72, 145, 222, 253], [46, 51, 50, 57, 56, 62]], [[5, 22, 43, 55, 98, 227, 233, 235, 245, 228], [53, 63, 101, 101, 91, 106, 104, 88, 69, 48]], [[130, 142, 147, 184, 225, 247, 255, 253], [53, 6, 0, 13, 21, 30, 36, 53]]]",aircraft carrier
11,"[[[164, 122, 61, 177, 126, 61, 166, 125, 53, 76, 123, 132, 60, 7, 2, 15, 48, 96, 111, 113, 105, 90, 51, 38, 33, 255], [0, 15, 21, 7, 23, 31, 7, 27, 56, 51, 32, 26, 55, 79, 84, 81, 66, 39, 25, 16, 12, 15, 34, 47, 61, 1]]]",aircraft carrier
12,"[[[115, 59, 34, 13, 7, 0, 2, 5, 79, 152, 222, 235, 240, 243, 237, 187, 124, 109], [43, 29, 17, 20, 24, 42, 59, 64, 95, 98, 98, 95, 88, 70, 53, 44, 39, 42]], [[195, 187, 215, 255, 216], [44, 2, 0, 12, 49]], [[28, 77, 78, 69, 41, 14, 10, 14], [36, 52, 61, 65, 55, 40, 37, 36]], [[58, 68, 71, 69], [40, 32, 33, 52]], [[54, 59, 73], [63, 78, 57]], [[13, 7, 24, 27, 11, 8], [36, 31, 27, 42, 39, 32]]]",aircraft carrier
13,"[[[125, 48, 14, 0, 11, 50, 113, 115, 130, 152, 189, 238, 254, 255, 246, 211, 147, 139, 109], [39, 39, 44, 50, 56, 64, 67, 120, 91, 93, 91, 83, 72, 67, 58, 51, 45, 0, 45]], [[53, 50, 52, 61, 55], [50, 53, 54, 52, 50]]]",aircraft carrier
14,"[[[70, 170, 84, 52, 96, 106, 105, 111, 121, 132, 121, 82, 72, 54, 50, 53, 77, 113, 53, 61, 84], [50, 37, 69, 85, 56, 42, 62, 83, 93, 92, 74, 45, 43, 46, 51, 59, 77, 95, 39, 36, 35]], [[142, 159, 178, 179, 165, 144, 183, 202, 158, 145], [93, 60, 38, 80, 68, 61, 63, 59, 79, 89]], [[217, 212, 210, 214, 223, 236, 251, 255, 251, 234, 209, 192, 189, 191], [29, 34, 51, 59, 61, 57, 44, 35, 27, 16, 11, 15, 21, 28]], [[215, 222, 247], [40, 32, 23]], [[0, 73], [41, 0]]]",aircraft carrier
15,"[[[255, 149, 83, 2, 0, 6, 7, 12, 101, 144, 200, 205, 226, 252, 254], [4, 4, 0, 2, 6, 18, 73, 77, 77, 84, 79, 71, 52, 39, 9]], [[229, 103], [24, 24]]]",aircraft carrier
16,"[[[99, 83, 66, 46, 36, 31, 31, 38, 75, 126, 148, 208, 247, 190, 204, 211, 211, 134, 107, 97], [29, 25, 25, 37, 49, 63, 80, 89, 93, 86, 92, 93, 101, 69, 64, 59, 53, 48, 33, 32]], [[196, 200, 227, 250, 255, 245, 232, 193, 214, 225], [55, 55, 67, 85, 92, 98, 94, 69, 73, 82]], [[178, 179], [93, 117]], [[199, 158, 161, 176], [119, 105, 127, 130]], [[195, 198], [130, 119]], [[179, 181], [129, 118]], [[166, 165], [118, 115]], [[168, 168], [113, 130]], [[180, 180], [126, 126]], [[134, 107, 23, 0, 20, 133], [23, 26, 13, 14, 29, 27]], [[136, 130, 103, 40, 12, 8, 10], [34, 24, 1, 4, 0, 4, 12]]]",aircraft carrier
17,"[[[248, 177, 154, 110, 105, 107, 62, 57, 49, 0, 3, 31, 40, 48, 75, 125, 182, 210, 216, 218, 255, 245], [37, 51, 51, 58, 27, 0, 11, 65, 62, 61, 87, 97, 116, 119, 115, 114, 104, 103, 93, 58, 56, 37]]]",aircraft carrier
18,"[[[253, 196, 153, 5, 1, 0, 0, 63, 95, 177, 202, 244, 249, 253, 253], [71, 84, 89, 85, 94, 166, 185, 169, 164, 163, 168, 169, 164, 149, 74]], [[115, 114], [84, 11]], [[115, 1], [10, 0]], [[115, 134, 178], [11, 19, 27]], [[115, 79, 65], [11, 17, 27]]]",aircraft carrier
19,"[[[76, 152, 194, 239, 251, 255, 226, 134, 52, 18, 11, 12, 80], [59, 46, 47, 65, 76, 90, 96, 96, 88, 75, 69, 65, 53]], [[77, 77], [53, 53]], [[174, 159, 139, 97, 74, 53, 47, 45, 54, 103, 152], [42, 27, 17, 4, 0, 0, 3, 10, 21, 38, 47]], [[159, 128, 73, 62, 60, 63, 79, 96, 137, 176], [97, 100, 113, 123, 128, 132, 135, 133, 121, 98]], [[165, 170, 178, 188, 198, 198, 144], [69, 57, 51, 48, 62, 67, 63]], [[9, 9, 4, 2, 10, 9, 6, 0, 7, 12, 12], [65, 37, 29, 47, 70, 68, 71, 96, 97, 91, 64]]]",aircraft carrier
20,"[[[167, 109, 80, 69, 58, 31, 57, 117, 99, 52, 30, 6, 1, 2, 66, 98, 253, 254, 246, 182, 165], [140, 194, 227, 232, 229, 229, 206, 124, 123, 149, 157, 159, 153, 110, 82, 77, 74, 109, 121, 127, 120]], [[207, 207, 210, 221, 238], [74, 103, 114, 128, 135]], [[119, 107, 76, 70, 49, 39, 60, 93], [72, 41, 3, 0, 1, 5, 38, 70]]]",airplane
21,"[[[2, 14, 34, 126], [57, 45, 38, 47]], [[41, 46, 53, 67, 83, 84, 72, 69], [62, 102, 118, 118, 104, 93, 82, 74]], [[15, 25, 26, 17], [54, 51, 54, 54]], [[48, 55, 61, 49], [53, 50, 52, 52]], [[75, 87, 87, 69], [53, 54, 56, 55]], [[122, 140, 138, 102, 111, 155, 162, 167, 162, 145, 124, 75], [48, 42, 34, 23, 20, 27, 30, 44, 65, 78, 87, 89]], [[46, 67, 74, 80, 84, 86, 75], [36, 13, 8, 9, 13, 29, 46]], [[0, 7, 50], [56, 61, 69]], [[201, 235], [14, 0]], [[221, 251, 255], [50, 59, 64]], [[232, 249], [94, 102]]]",airplane
22,"[[[90, 88, 95, 104, 112, 122], [65, 31, 12, 0, 11, 65]], [[96, 93, 99, 105, 116, 121, 124, 120], [97, 129, 146, 152, 149, 141, 119, 108]], [[88, 34, 26, 7, 0, 21, 101], [67, 64, 83, 85, 90, 95, 100]], [[49, 51, 47, 32], [66, 76, 82, 82]], [[122, 193, 207, 219, 255, 246, 137], [67, 66, 45, 71, 77, 81, 87]]]",airplane
23,"[[[82, 49, 15, 4, 0, 5, 30, 85, 89, 93, 112, 124], [78, 78, 83, 97, 117, 124, 140, 145, 149, 212, 179, 149]], [[83, 90, 122, 129, 255], [77, 56, 0, 104, 106]]]",airplane
24,"[[[64, 38, 23, 8, 0, 6, 26, 68], [74, 77, 84, 95, 111, 121, 131, 142]], [[78, 83, 97, 112, 126, 135, 141, 150, 153, 150], [121, 154, 193, 218, 228, 227, 219, 198, 165, 136]], [[58, 116, 184, 223], [77, 74, 86, 86]], [[77, 76, 91, 113, 126, 144, 152, 159], [85, 69, 39, 11, 1, 1, 12, 66]], [[153, 203, 211, 224, 245], [150, 151, 149, 135, 103]], [[219, 218, 222, 229, 238, 251, 255], [84, 66, 53, 46, 50, 72, 106]], [[235, 238, 245, 252, 253], [76, 89, 96, 98, 77]]]",airplane
25,"[[[195, 164, 127, 40, 13, 0, 4, 28, 93, 172, 226, 255, 255, 241, 204, 163, 127], [89, 88, 92, 113, 125, 135, 141, 144, 143, 135, 126, 115, 109, 101, 91, 87, 87]], [[86, 85, 88, 93, 99, 107, 113, 119, 120, 116], [113, 64, 20, 5, 0, 4, 12, 36, 74, 106]], [[103, 105, 113, 126, 134, 151, 163, 166, 154, 123], [151, 193, 217, 231, 234, 232, 217, 191, 171, 141]]]",airplane
26,"[[[105, 102, 106, 112, 126, 133, 137, 139, 209, 235, 250, 255, 243, 227, 188, 162, 155], [52, 26, 14, 3, 0, 4, 14, 77, 65, 65, 71, 82, 94, 99, 96, 106, 106]], [[104, 106, 83, 30, 0, 11, 35, 89, 111, 117, 125, 125, 124, 120, 128, 147, 151, 139, 139, 142], [48, 71, 61, 69, 78, 88, 100, 107, 105, 109, 129, 139, 201, 213, 220, 218, 214, 188, 162, 149]]]",airplane
27,"[[[93, 68, 17, 0, 3, 13, 38, 66, 109, 114, 153, 173, 184, 187, 156, 147, 229, 249, 255, 250, 235, 204, 100, 81, 61, 48, 58, 96, 140], [29, 29, 38, 51, 62, 65, 65, 58, 53, 54, 82, 90, 90, 84, 59, 47, 46, 19, 3, 0, 0, 12, 26, 26, 18, 8, 6, 6, 22]]]",airplane
28,"[[[1, 2, 8, 17, 22, 28, 94, 99, 99, 102, 105, 113, 119, 123, 123, 126, 132, 223, 246, 255, 255, 247, 172, 149, 156, 155, 154, 133, 128, 120, 92, 83, 32], [100, 47, 60, 69, 84, 87, 82, 75, 23, 10, 4, 0, 0, 7, 46, 69, 71, 71, 76, 111, 128, 133, 128, 121, 151, 210, 202, 169, 145, 130, 116, 121, 121]]]",airplane
29,"[[[2, 34, 48, 102, 191], [20, 38, 42, 46, 44]], [[0, 1, 18, 40, 66, 107, 102, 59, 57, 62, 102, 139, 151, 157, 162, 219, 253, 255, 250, 232, 192, 177], [23, 48, 101, 93, 80, 80, 91, 137, 140, 141, 137, 126, 111, 95, 93, 93, 90, 86, 75, 61, 43, 41]], [[122, 144, 147, 175, 181, 182, 175], [41, 13, 0, 18, 25, 34, 47]], [[11, 38, 78], [53, 53, 47]], [[128, 134, 140, 146, 150, 150, 146], [44, 83, 91, 93, 82, 60, 36]]]",airplane
30,"[[[102, 63, 14, 2, 0, 9, 29, 51, 100, 142, 181, 203, 216, 213, 197, 177, 152, 114, 106], [90, 85, 85, 90, 108, 124, 139, 149, 154, 145, 144, 134, 121, 114, 104, 101, 89, 81, 83]], [[192, 193, 209, 218], [103, 93, 54, 50]], [[205, 220], [114, 52]], [[201, 198, 220, 243], [139, 142, 167, 174]], [[204, 229, 248, 255], [131, 158, 172, 173]], [[90, 93, 89, 107, 122, 132, 135, 131], [99, 79, 16, 1, 2, 19, 45, 87]], [[94, 92, 95, 101, 115, 121, 129, 130, 128], [151, 181, 192, 203, 217, 211, 182, 158, 157]], [[18, 13, 43, 53, 62, 63, 56, 37, 20], [123, 98, 96, 102, 114, 123, 136, 137, 122]]]",airplane
31,"[[[3, 5, 15], [3, 34, 62]], [[0, 36], [1, 56]], [[1, 27], [35, 26]], [[49, 50, 53, 59, 70, 80], [23, 49, 32, 23, 21, 26]], [[85, 84, 89], [19, 34, 52]], [[82, 82], [0, 1]], [[102, 106], [16, 73]], [[96, 116, 131, 133, 128, 107], [15, 10, 16, 23, 28, 27]], [[144, 141, 143], [2, 17, 51]], [[171, 157, 152, 159, 171, 176], [23, 24, 34, 34, 23, 40]], [[190, 188, 199, 205, 210, 219], [22, 40, 20, 17, 19, 46]], [[219, 234, 239, 228, 228, 255], [30, 30, 25, 25, 33, 56]], [[151, 154, 170, 191, 212, 217], [59, 77, 70, 65, 66, 72]]]",airplane
32,"[[[182, 48, 14, 5, 0, 3, 16, 53, 155, 182, 210, 231, 249, 254, 255, 236, 182, 160, 136], [103, 108, 121, 129, 138, 145, 158, 170, 172, 169, 164, 156, 137, 127, 117, 108, 102, 102, 110]], [[99, 97, 110, 121, 160], [132, 192, 233, 218, 134]], [[97, 115, 141, 167, 184, 191], [92, 62, 29, 7, 0, 103]], [[26, 25, 32, 38, 56], [152, 136, 118, 115, 148]]]",airplane
33,"[[[146, 175, 218, 254, 254, 247, 170, 106, 71, 45, 16, 1, 3, 34, 62, 100, 131, 161, 175], [54, 54, 68, 99, 103, 106, 111, 110, 100, 99, 103, 98, 84, 54, 37, 38, 46, 47, 56]], [[115, 63, 40, 21, 6, 5, 16, 42, 87, 111, 148], [49, 66, 83, 107, 142, 156, 160, 161, 147, 127, 75]], [[134, 175, 180, 186, 190, 190, 181, 164], [41, 3, 0, 1, 10, 20, 41, 62]], [[191, 198], [94, 93]]]",airplane
34,"[[[15, 13, 43, 105, 163, 233, 252, 255, 246, 198, 171, 97, 27, 14, 1, 0, 7], [125, 119, 113, 106, 104, 116, 127, 134, 143, 157, 158, 155, 166, 160, 147, 137, 114]], [[101, 101, 108, 118, 136, 154, 162, 165, 167, 152, 156], [128, 156, 190, 213, 229, 231, 226, 221, 207, 168, 147]], [[97, 88, 99, 114, 123, 150, 164, 173, 179, 97], [117, 61, 29, 11, 4, 0, 4, 14, 56, 117]]]",airplane
35,"[[[98, 122, 153, 154, 139], [29, 12, 0, 20, 58]], [[101, 54, 28, 5, 1, 1, 8, 17, 35, 76, 102, 149, 172, 173, 153, 152, 162, 205, 223], [30, 51, 75, 88, 96, 109, 124, 133, 139, 133, 137, 168, 176, 170, 131, 119, 116, 115, 111]], [[131, 199, 218, 241, 252, 255, 253, 243, 253, 236, 218], [53, 61, 53, 34, 29, 33, 44, 75, 123, 125, 118]], [[44, 39, 43, 62, 77, 79, 76, 47], [82, 103, 108, 109, 104, 92, 80, 79]], [[120, 121, 132, 156, 159, 147, 137, 127], [81, 105, 107, 105, 100, 84, 80, 81]], [[189, 183, 189, 199, 213, 217, 215, 205], [80, 94, 100, 100, 95, 90, 85, 76]]]",airplane
36,"[[[22, 35, 47, 71, 118, 254], [49, 71, 82, 82, 89, 84]], [[26, 44, 50, 55, 134, 175, 199, 237, 249, 251], [45, 45, 62, 65, 67, 58, 58, 61, 71, 83]], [[172, 167, 171, 178, 191, 198, 208, 211, 209], [89, 98, 131, 140, 147, 137, 109, 98, 86]], [[178, 178, 186, 210, 217, 217, 205], [57, 47, 26, 0, 29, 43, 64]], [[38, 5, 0], [44, 44, 42]]]",airplane
37,"[[[40, 27, 14, 4, 1, 126, 217, 235, 249, 255, 254, 249, 227, 210, 181], [75, 75, 82, 93, 105, 114, 109, 95, 67, 13, 7, 4, 14, 51, 74]], [[182, 132, 36], [73, 76, 72]], [[94, 119, 152, 149], [69, 47, 0, 69]], [[97, 117, 135, 149, 156, 155], [118, 136, 160, 166, 157, 114]]]",airplane
38,"[[[101, 109, 179, 188, 189, 175, 114, 105, 83, 70, 67, 80, 75, 18, 5, 0, 19, 82, 81], [0, 126, 130, 136, 147, 154, 159, 173, 233, 255, 198, 158, 156, 166, 190, 101, 125, 125, 66]]]",airplane
39,"[[[255, 252, 239, 226, 209, 174, 99], [149, 138, 120, 108, 98, 88, 82]], [[251, 242, 116], [166, 163, 143]], [[119, 77, 58, 75], [147, 210, 230, 140]], [[139, 112, 108, 105, 90, 81], [75, 0, 1, 6, 40, 77]], [[101, 87, 33], [87, 83, 80]], [[29, 5, 1, 0], [79, 37, 42, 96]]]",airplane
40,"[[[111, 148, 161, 175, 199, 218, 231, 236, 234, 227, 210, 172, 140, 118, 104, 59, 45, 38, 33, 34, 50, 73, 99, 115], [35, 31, 36, 45, 72, 105, 141, 179, 214, 226, 240, 252, 255, 254, 251, 217, 192, 170, 117, 97, 71, 48, 39, 38]], [[137, 141, 145, 134, 131, 139], [150, 153, 162, 162, 156, 152]], [[135, 116, 82], [153, 120, 79]], [[103, 91, 75, 72], [71, 74, 68, 103]], [[149, 207], [161, 165]], [[188, 223, 194], [136, 166, 178]], [[73, 65, 48, 35, 23, 0, 8, 20], [40, 23, 5, 4, 7, 31, 62, 81]], [[69, 65, 21], [34, 42, 85]], [[218, 198, 180], [70, 39, 24]], [[228, 231, 235, 227, 218, 181, 160], [71, 68, 29, 6, 1, 0, 13]]]",alarm clock
41,"[[[154, 144, 129, 86, 66, 45, 45, 50, 76, 111, 129, 201, 237, 246, 248, 244, 218, 201, 185, 177, 158], [67, 61, 61, 76, 100, 141, 195, 211, 236, 250, 255, 254, 237, 219, 191, 173, 116, 91, 75, 70, 69]], [[109, 112, 120, 125, 149, 161, 171, 170], [69, 36, 10, 3, 0, 16, 55, 76]], [[101, 101], [52, 52]], [[72, 72], [76, 54]], [[75, 88, 92, 91, 82, 42, 18, 3, 0, 32, 56, 76], [52, 36, 22, 14, 9, 11, 23, 37, 52, 57, 55, 46]], [[206, 213, 221], [86, 77, 52]], [[221, 221], [51, 21]]]",alarm clock
42,"[[[26, 15, 1, 2, 12, 27, 50, 78, 111, 133, 163, 184, 194, 198, 198, 194, 171, 154, 137, 116, 86, 64, 50], [209, 198, 162, 129, 103, 81, 62, 49, 46, 51, 64, 84, 105, 125, 147, 166, 201, 215, 222, 226, 224, 220, 211]], [[94, 96], [111, 112]], [[100, 157], [120, 68]], [[122, 152, 182], [149, 180, 204]], [[41, 21, 4, 0, 13, 28, 45, 69, 85], [76, 71, 50, 29, 8, 1, 3, 16, 38]], [[117, 120, 131, 146, 167, 177, 187, 188, 182], [41, 28, 13, 3, 1, 8, 24, 42, 56]], [[72, 59, 53], [230, 237, 245]], [[147, 182], [227, 255]]]",alarm clock
43,"[[[181, 174, 133, 110, 54, 35, 21, 12, 10, 18, 32, 48, 67, 88, 141, 182, 225, 234, 244, 242, 227, 179, 171], [69, 43, 38, 39, 66, 83, 105, 126, 157, 188, 216, 236, 247, 253, 254, 241, 217, 204, 176, 132, 98, 43, 37]], [[75, 71, 46, 34, 13, 2, 0, 7, 24], [45, 25, 1, 1, 14, 30, 50, 68, 92]], [[185, 193, 205, 220, 226, 231, 231, 227, 217], [42, 22, 8, 4, 8, 25, 43, 65, 81]], [[122, 118, 108, 99, 108, 113, 110], [32, 6, 4, 8, 1, 5, 3]]]",alarm clock
44,"[[[120, 86, 46, 29, 24, 24, 27, 39, 72, 91, 112, 159, 172, 183, 182, 172, 166, 155, 118], [65, 67, 79, 92, 103, 122, 133, 154, 186, 196, 195, 178, 160, 136, 111, 87, 79, 72, 65]], [[71, 34, 11, 0, 3, 16, 44, 67, 97, 120, 149, 182, 202, 222, 222, 217, 208, 189, 64], [45, 54, 70, 95, 129, 161, 194, 203, 209, 209, 204, 189, 160, 98, 79, 66, 54, 46, 44]], [[86, 97, 107, 151, 155], [39, 21, 17, 20, 38]], [[197, 202], [45, 36]], [[205, 208], [49, 42]], [[181, 240, 255, 250, 242, 235, 207, 190, 183], [20, 59, 35, 15, 3, 0, 3, 10, 19]]]",alarm clock
45,"[[[183, 144, 113, 98, 69, 56, 45, 21, 17, 18, 42, 75, 117, 149, 206, 218, 221, 218, 210, 201, 190, 155], [81, 65, 63, 67, 81, 89, 101, 146, 170, 188, 224, 242, 244, 236, 192, 176, 138, 122, 104, 92, 84, 71]], [[26, 12, 0, 24, 27, 29, 33], [209, 223, 246, 255, 247, 228, 225]], [[186, 202, 210, 221, 231, 231, 220, 205], [213, 233, 239, 242, 229, 222, 218, 202]], [[91, 44, 33, 32, 37, 34, 46, 62, 81, 86, 89, 91], [61, 68, 63, 60, 48, 22, 13, 13, 19, 26, 54, 52]], [[94, 151, 223, 223, 217, 208, 192, 180, 173, 157, 134, 78], [66, 56, 58, 12, 0, 0, 6, 39, 49, 62, 55, 61]], [[116, 111, 115, 128, 132, 125, 114, 114, 120], [174, 163, 156, 149, 153, 159, 160, 156, 153]], [[138, 142], [134, 132]]]",alarm clock
46,"[[[104, 76, 62, 48, 10, 0, 0, 7, 18, 43, 61, 98, 117, 160, 178, 188, 189, 186, 168, 152, 135, 107], [43, 51, 58, 68, 107, 132, 155, 168, 178, 189, 193, 193, 190, 176, 164, 148, 117, 100, 68, 49, 38, 30]], [[102, 81, 66, 48, 33], [189, 198, 209, 230, 255]], [[153, 155, 167, 173, 178], [181, 206, 233, 242, 244]], [[109, 109, 122, 158], [78, 131, 136, 138]], [[73, 110, 116, 130, 154, 147, 144, 144, 163, 169, 166, 143, 133], [20, 49, 44, 21, 3, 0, 6, 14, 16, 13, 6, 6, 10]], [[69, 63, 67, 84, 96, 86, 72], [6, 17, 30, 33, 23, 18, 20]]]",alarm clock
47,"[[[152, 142, 129, 81, 67, 46, 29, 11, 1, 2, 13, 26, 48, 69, 100, 157, 185, 196, 225, 230, 233, 230, 226, 208, 168, 123, 136, 147], [80, 72, 70, 68, 69, 78, 96, 125, 150, 187, 213, 231, 247, 255, 255, 248, 238, 230, 197, 187, 132, 106, 97, 86, 78, 77, 61, 59]], [[159, 140, 141, 153, 175, 194, 233, 234, 227, 207, 194, 163, 147], [71, 63, 52, 37, 21, 17, 31, 50, 61, 75, 78, 77, 68]], [[71, 81, 83, 75, 70, 49, 25, 9, 5, 6, 17, 59, 66, 71], [64, 45, 26, 5, 2, 0, 9, 21, 36, 55, 66, 67, 65, 57]], [[105, 99], [67, 30]]]",alarm clock
48,"[[[83, 67, 53, 36, 27, 14, 4, 0, 4, 29, 70, 126, 172, 214, 232, 235, 221, 209, 199, 168, 145, 101, 80], [252, 253, 249, 239, 228, 204, 174, 143, 108, 81, 65, 64, 77, 98, 121, 154, 198, 219, 230, 249, 255, 255, 251]], [[80, 80], [251, 251]], [[108, 104, 103, 143], [103, 125, 174, 225]], [[80, 85, 94, 103, 107, 134, 151, 154, 156, 167], [58, 51, 18, 3, 0, 2, 5, 9, 30, 75]], [[127, 120, 119, 124, 133, 142, 146, 147, 143, 126], [49, 45, 13, 7, 5, 8, 16, 32, 40, 46]], [[126, 126], [46, 46]]]",alarm clock
49,"[[[28, 19, 3, 0, 3, 12, 33, 66, 96, 117, 148, 165, 180, 190, 196, 196, 176, 166, 123, 69, 43, 27, 23], [132, 138, 159, 198, 209, 221, 237, 250, 255, 255, 252, 245, 233, 220, 203, 179, 144, 135, 116, 113, 120, 129, 136]], [[92, 95, 120, 144, 151], [135, 199, 192, 192, 195]], [[151, 171, 163, 156, 153], [180, 193, 195, 201, 196]], [[84, 83, 75, 95, 97], [122, 131, 141, 120, 140]], [[42, 38, 42, 51, 83, 132, 147, 156, 173, 174, 171], [116, 94, 82, 73, 59, 56, 62, 71, 107, 120, 124]], [[55, 47, 24], [46, 34, 15]], [[99, 112], [31, 0]], [[154, 162, 179], [26, 20, 19]]]",alarm clock
50,"[[[7, 19, 39, 67, 98, 129, 144, 170, 181, 193, 194, 191, 181, 167, 147, 124, 95, 82, 31, 16, 9, 0], [168, 142, 118, 94, 79, 76, 80, 95, 113, 152, 179, 198, 215, 231, 245, 253, 255, 252, 221, 206, 191, 155]], [[104, 105], [95, 106]], [[178, 152], [150, 150]], [[101, 100], [192, 199]], [[76, 44], [149, 151]], [[111, 117], [137, 175]], [[104, 139], [144, 146]], [[136, 130, 127, 130, 140, 154, 171, 187, 199, 210, 209, 197, 166], [68, 67, 44, 37, 28, 22, 19, 21, 28, 48, 63, 78, 92]], [[168, 160, 157, 161, 168], [26, 19, 12, 5, 0]], [[57, 49, 28, 15, 10, 14, 25, 53], [99, 99, 89, 71, 47, 38, 27, 12]]]",alarm clock
51,"[[[91, 54, 20, 10, 12, 17, 30, 44, 66, 89, 138, 163, 188, 205, 210, 213, 213, 195, 168, 149, 126, 85, 52, 38], [37, 50, 81, 113, 131, 149, 164, 175, 185, 191, 192, 188, 178, 162, 153, 139, 121, 71, 43, 35, 32, 36, 49, 66]], [[33, 18, 1, 3, 15, 38, 63, 71, 73], [64, 61, 40, 22, 9, 0, 4, 15, 35]], [[171, 176, 196, 220, 246, 255, 249, 234, 220, 209], [47, 30, 19, 19, 33, 47, 63, 75, 81, 81]], [[42, 36, 33, 38, 42, 57, 70, 72, 63], [174, 181, 192, 200, 202, 200, 190, 183, 181]], [[173, 177, 182, 192, 208, 218, 218, 205, 190], [182, 194, 198, 202, 201, 193, 184, 175, 176]], [[115, 108, 104, 110, 112, 110, 118, 122, 119, 108, 113, 114, 114], [106, 108, 114, 117, 112, 115, 116, 112, 110, 114, 117, 112, 117]], [[112, 117, 120, 115, 120], [112, 51, 84, 109, 97]], [[106, 127, 166, 163, 119], [118, 125, 131, 134, 118]], [[20, 25], [131, 126]]]",alarm clock
52,"[[[103, 82, 66, 48, 32, 27, 29, 36, 47, 58, 80, 128, 151, 168, 178, 181, 192, 192, 182, 169, 142, 96], [73, 73, 78, 92, 112, 141, 177, 205, 222, 231, 243, 255, 253, 246, 235, 228, 177, 161, 132, 113, 87, 66]], [[103, 96], [87, 164]], [[100, 131, 147], [165, 157, 149]], [[0, 11], [51, 82]], [[40, 41], [27, 72]], [[73, 71], [12, 41]], [[143, 128], [0, 51]], [[205, 187], [17, 59]], [[233, 229, 211], [57, 76, 101]], [[240, 204], [95, 140]], [[242, 214], [150, 168]]]",alarm clock
53,"[[[5, 9, 23, 79, 90, 145, 156, 183, 216, 223, 236, 235, 227, 203, 172, 152, 118, 85, 68, 37, 26, 17, 18], [83, 72, 58, 26, 24, 22, 24, 35, 60, 73, 116, 136, 165, 187, 205, 211, 214, 204, 195, 158, 139, 113, 86]], [[12, 35, 57, 40, 34, 18, 6, 0, 1, 12, 60], [25, 16, 19, 8, 7, 12, 20, 30, 36, 39, 16]], [[156, 188, 204, 229, 239, 245, 255, 250, 246, 214, 193, 161], [20, 30, 39, 46, 54, 54, 39, 27, 22, 2, 2, 16]], [[109, 107, 113], [76, 97, 138]], [[110, 120, 133, 167, 197], [136, 142, 145, 146, 158]]]",alarm clock
54,"[[[151, 135, 110, 68, 37, 11, 1, 3, 10, 16], [18, 13, 15, 36, 62, 101, 140, 176, 193, 200]], [[81, 105], [207, 193]], [[153, 169, 177, 181, 181, 174, 163, 149, 137], [146, 124, 102, 77, 38, 22, 16, 13, 19]], [[23, 14, 14, 18, 36, 40, 57], [66, 60, 46, 39, 24, 24, 45]], [[161, 189, 196, 206, 213, 190], [20, 0, 4, 19, 38, 49]], [[81, 78], [116, 117]], [[74, 85, 88], [117, 75, 48]], [[82, 102, 124], [119, 147, 162]], [[20, 50, 77, 95, 114, 148], [190, 202, 201, 197, 188, 150]], [[62, 54, 35, 16, 6], [203, 202, 211, 223, 234]], [[126, 160], [205, 255]]]",alarm clock
55,"[[[171, 143, 104, 64, 40, 18, 7, 2, 0, 3, 11, 26, 42, 61, 87, 118, 158, 191, 216, 231, 247, 253, 255, 253, 239, 229, 209, 151], [42, 38, 37, 44, 56, 75, 90, 105, 133, 150, 172, 196, 212, 223, 232, 239, 238, 228, 215, 204, 182, 160, 129, 115, 78, 63, 51, 41]], [[123, 120], [47, 66]], [[139, 160, 145, 160], [50, 62, 67, 69]], [[198, 203], [57, 80]], [[222, 231, 238, 223, 242], [92, 97, 106, 115, 119]], [[232, 239, 229, 238, 235], [131, 143, 150, 166, 168]], [[221, 198, 191, 194, 215], [189, 194, 199, 202, 205]], [[210, 204, 192], [199, 212, 219]], [[167, 168, 164, 158], [203, 234, 237, 235]], [[157, 173, 181], [214, 211, 206]], [[123, 107, 105, 107, 108], [195, 225, 234, 236, 221]], [[63, 55], [176, 185]], [[73, 73, 66, 58, 45], [182, 188, 198, 204, 207]], [[31, 26, 20, 16, 12, 12, 43], [141, 143, 175, 179, 170, 162, 146]], [[17, 7, 2, 6, 25, 11], [97, 98, 112, 113, 108, 139]], [[30, 26], [68, 93]], [[39, 45, 49, 41], [84, 81, 75, 73]], [[69, 67, 69], [53, 71, 74]], [[87, 82], [53, 70]], [[69, 61, 51, 62, 79, 84, 95], [40, 36, 10, 8, 9, 13, 30]], [[85, 224], [12, 0]], [[172, 186], [60, 42]], [[191, 199, 216, 240, 241, 229], [35, 26, 16, 12, 33, 49]], [[95, 90], [233, 247]]]",alarm clock
56,"[[[148, 118, 81, 48, 25, 5, 0, 2, 9, 35, 70, 146, 179, 197, 208, 217, 221, 219, 210, 193, 176, 157, 138], [45, 46, 62, 84, 109, 143, 172, 183, 191, 203, 203, 188, 175, 164, 152, 132, 108, 83, 63, 49, 43, 41, 43]], [[136, 136], [56, 56]], [[141, 137, 131, 128], [48, 49, 67, 112]], [[134, 140, 177], [112, 125, 162]], [[178, 182, 190, 226, 238, 253, 255, 250, 239, 224], [36, 22, 15, 0, 4, 23, 40, 56, 67, 72]]]",alarm clock
57,"[[[116, 98, 64, 58, 36, 31, 39, 55, 86, 130, 177, 222, 251, 255, 255, 229, 206, 190, 166, 127, 102], [39, 40, 54, 59, 91, 126, 160, 187, 209, 220, 220, 211, 177, 167, 148, 73, 45, 37, 31, 32, 39]], [[103, 105, 154, 207, 229], [61, 141, 130, 134, 131]], [[156, 146], [41, 60]], [[167, 160], [50, 72]], [[192, 187, 180], [53, 61, 82]], [[205, 203], [72, 85]], [[35, 11, 2, 2, 20, 39, 68, 90, 103], [75, 67, 47, 34, 11, 4, 0, 8, 25]]]",alarm clock
58,"[[[65, 75, 81, 86, 87, 64], [1, 24, 22, 11, 1, 3]], [[185, 174, 165, 167, 174, 188, 192, 190, 187, 174], [6, 3, 12, 26, 30, 24, 17, 3, 0, 6]], [[120, 121], [14, 34]], [[110, 144], [16, 18]], [[62, 90, 147, 206, 214, 219, 224, 224, 216, 210, 196, 181, 148, 106, 65, 28, 23, 20, 29, 48, 56, 74], [35, 34, 40, 52, 55, 62, 78, 99, 150, 164, 181, 192, 204, 204, 189, 141, 122, 81, 52, 32, 29, 33]], [[74, 81], [32, 22]], [[181, 178, 176], [44, 24, 27]], [[110, 112, 110], [64, 88, 117]], [[145, 210], [107, 113]], [[52, 20, 2], [177, 211, 249]], [[175, 194, 210], [195, 217, 246]]]",alarm clock
59,"[[[227, 254, 254, 246, 215, 180, 89, 28, 23, 1, 0, 9, 59, 101, 210], [9, 107, 146, 147, 139, 138, 152, 154, 108, 29, 5, 0, 11, 16, 19]], [[40, 53, 64], [57, 72, 131]], [[78, 75, 98, 108, 123, 115, 127, 133, 139, 136, 112], [69, 62, 58, 61, 74, 78, 83, 89, 108, 117, 119]], [[147, 147], [68, 68]], [[157, 157], [99, 99]], [[151, 154, 151], [64, 70, 74]], [[167, 162], [90, 97]], [[181, 188], [48, 107]], [[216, 210, 206, 206, 210, 219, 226, 230, 232, 202], [67, 63, 71, 103, 111, 112, 111, 102, 77, 67]]]",alarm clock
60,"[[[13, 10, 12, 20, 39, 67, 170, 196, 213, 220, 214, 204, 194, 171, 112, 23, 0], [96, 185, 191, 198, 207, 212, 212, 205, 195, 182, 94, 79, 75, 74, 88, 88, 102]], [[10, 64, 84, 91, 97, 98, 95], [154, 154, 149, 141, 124, 98, 88]], [[80, 142, 221], [150, 145, 150]], [[145, 152], [73, 146]], [[83, 76, 120, 129, 138], [90, 72, 60, 59, 79]], [[104, 110], [72, 86]], [[60, 49], [54, 41]], [[88, 88, 93], [47, 27, 15]], [[108, 126, 143], [37, 15, 0]], [[125, 150], [54, 34]], [[32, 14, 7, 7, 16, 23, 35, 52, 63, 66, 65, 51, 31, 21, 9, 6, 7, 11, 24, 39, 45, 52, 52, 49, 37, 30, 23, 19, 17, 19, 29, 41, 46, 47, 44, 34, 28, 25, 25, 30, 40], [203, 207, 215, 235, 248, 253, 254, 244, 232, 225, 216, 208, 207, 209, 220, 225, 236, 241, 246, 245, 240, 229, 216, 211, 207, 208, 214, 220, 235, 243, 251, 246, 238, 225, 217, 209, 211, 216, 233, 239, 240]], [[194, 183, 179, 174, 182, 189, 205, 215, 218, 214, 204, 197, 190, 180, 178, 182, 189, 196, 204, 214, 215, 209, 197, 187, 185, 186, 189, 194, 205, 212, 211, 202, 195, 194, 197, 203, 205, 202, 189, 185, 186, 191, 205], [206, 206, 211, 239, 252, 255, 255, 246, 229, 218, 207, 205, 205, 216, 238, 243, 245, 245, 240, 225, 213, 209, 208, 219, 226, 233, 239, 243, 243, 233, 221, 221, 231, 243, 248, 249, 237, 227, 225, 232, 241, 245, 246]]]",ambulance
61,"[[[9, 8, 0, 1, 5, 117, 166, 206, 216, 221, 249, 252, 248, 95, 20], [71, 117, 184, 194, 198, 213, 212, 223, 221, 212, 116, 90, 81, 63, 71]], [[37, 26, 13, 9, 6, 9, 19, 28, 39, 53, 58, 55, 46], [214, 208, 209, 211, 222, 232, 246, 250, 249, 239, 228, 216, 211]], [[187, 182, 171, 165, 162, 166, 174, 186, 197, 203, 204, 197, 186], [234, 227, 225, 229, 237, 248, 254, 254, 250, 241, 232, 219, 211]], [[65, 56, 41, 17], [73, 133, 139, 139]], [[91, 87, 88, 92, 134, 125], [71, 50, 43, 42, 47, 74]], [[69, 55], [34, 26]], [[87, 73], [29, 6]], [[113, 119], [20, 0]], [[154, 183], [26, 8]], [[169, 195], [52, 53]]]",ambulance
62,"[[[27, 6, 0, 8, 34, 36], [21, 91, 136, 140, 141, 134]], [[58, 52, 48, 43, 49, 58, 66, 76, 74, 69, 63], [126, 125, 130, 157, 165, 168, 166, 147, 130, 125, 125]], [[83, 136], [141, 144]], [[173, 150, 142, 137, 137, 140, 148, 165, 182, 189, 189, 175], [137, 137, 143, 152, 162, 167, 171, 172, 167, 157, 147, 139]], [[201, 249, 253, 255, 250, 247, 217, 191, 189, 172, 133, 68, 35, 19], [147, 146, 143, 117, 91, 88, 81, 81, 67, 15, 2, 0, 7, 18]], [[59, 53, 24, 20, 18, 43, 46, 43, 55, 73, 76], [30, 55, 53, 61, 78, 83, 88, 101, 105, 106, 86]]]",ambulance
63,"[[[1, 6, 15], [4, 41, 76]], [[0, 96, 163, 166, 215, 219, 196, 121, 13], [0, 6, 15, 40, 50, 77, 82, 88, 77]], [[165, 169, 183], [37, 78, 62]], [[188, 193, 224, 203], [50, 58, 61, 63]], [[166, 170, 168, 176, 173], [43, 56, 76, 93, 91]], [[23, 15, 17, 31, 41, 47, 46, 29, 16, 28], [79, 95, 108, 114, 112, 95, 86, 74, 74, 76]], [[81, 77, 71, 67, 76, 85, 93, 101, 107, 101, 93, 86, 75], [87, 88, 96, 113, 124, 127, 126, 118, 95, 85, 79, 80, 86]], [[185, 169, 163, 165, 173, 179, 189, 201, 201, 193, 175, 167, 164, 168], [88, 100, 113, 123, 129, 129, 121, 102, 93, 82, 71, 73, 79, 82]], [[223, 215, 212, 220, 226, 237, 250, 255, 252, 242, 230, 193, 190], [85, 93, 110, 124, 128, 130, 122, 110, 99, 88, 81, 70, 72]], [[49, 44, 50], [28, 42, 32]]]",ambulance
64,"[[[77, 53, 36, 4, 0, 3, 73, 70, 77, 89, 99, 110, 113, 104, 85, 191, 174, 169, 171, 183, 192, 202, 208, 201, 186, 208, 250, 253, 255, 254, 250, 245, 239, 236, 97, 83, 80, 83], [43, 72, 98, 101, 111, 153, 153, 159, 170, 178, 179, 177, 171, 161, 152, 150, 154, 165, 170, 176, 176, 172, 164, 153, 147, 149, 148, 144, 113, 77, 52, 41, 9, 4, 3, 0, 5, 37]], [[148, 147, 141], [36, 68, 110]], [[125, 179], [74, 75]]]",ambulance
65,"[[[13, 13, 0, 0, 6, 32, 79, 173, 183, 188, 190, 190, 186, 175, 151, 104, 57, 24], [11, 59, 146, 157, 160, 159, 146, 145, 142, 136, 126, 39, 31, 20, 7, 0, 2, 30]], [[200, 241, 248, 255, 255, 252, 247, 230, 204, 188, 182], [91, 89, 94, 116, 138, 144, 148, 154, 154, 146, 146]], [[42, 28, 21, 14, 11, 27, 55, 70, 75, 57], [150, 151, 155, 162, 175, 183, 184, 174, 162, 143]], [[157, 111, 121, 141, 153, 162, 161, 145], [149, 163, 171, 176, 176, 154, 142, 141]], [[91, 91], [29, 75]], [[64, 118], [50, 48]]]",ambulance
66,"[[[63, 63, 60, 37, 24, 18, 2, 0, 29, 57, 59], [140, 45, 36, 32, 33, 44, 114, 135, 137, 131, 126]], [[27, 28, 30, 36, 34], [76, 83, 84, 74, 71]], [[61, 64, 76, 106, 240, 253, 255, 225, 215, 170, 41], [41, 36, 29, 28, 56, 61, 67, 124, 132, 138, 135]], [[85, 84, 97, 110, 113, 112], [135, 147, 149, 139, 132, 125]], [[173, 170, 184, 191, 191], [141, 154, 151, 139, 129]], [[103, 106, 113, 116, 109], [57, 60, 60, 55, 55]], [[171, 174], [62, 64]], [[123, 139, 154, 156, 152, 180, 184, 172, 150, 137, 130, 126, 104, 103, 108, 123], [91, 61, 46, 54, 86, 93, 96, 108, 109, 124, 126, 109, 112, 109, 97, 86]], [[137, 145, 159, 166, 169], [31, 21, 13, 21, 42]], [[136, 132], [18, 4]], [[164, 170], [12, 0]], [[177, 187, 189], [4, 4, 7]], [[187, 206], [32, 33]]]",ambulance
67,"[[[62, 45, 216, 218, 208], [151, 72, 76, 95, 199]], [[56, 3, 3, 0, 51, 37, 38, 53, 81, 99, 115, 127, 128, 119, 105, 71, 60, 45, 37, 37], [148, 149, 199, 228, 228, 213, 193, 176, 168, 170, 181, 202, 219, 235, 245, 248, 245, 234, 223, 212]], [[169, 161, 153, 145, 130, 117, 118, 133, 153, 179, 203, 223, 224, 215, 200, 171], [178, 169, 168, 169, 183, 210, 235, 249, 254, 255, 245, 229, 210, 198, 187, 177]], [[105, 113], [84, 161]], [[82, 114, 174], [115, 116, 113]], [[59, 83, 85], [136, 133, 67]], [[124, 119, 147, 153, 152], [72, 43, 45, 48, 79]], [[162, 178], [34, 21]], [[142, 144], [26, 23]], [[118, 114, 113], [22, 18, 0]], [[85, 82, 79], [20, 19, 10]], [[69, 61], [39, 38]]]",ambulance
68,"[[[5, 4, 8], [2, 92, 145]], [[11, 178, 178, 233, 236, 241, 33, 13], [4, 0, 57, 54, 111, 133, 132, 136]], [[45, 47], [26, 96]], [[70, 68], [21, 88]], [[18, 82], [44, 36]], [[23, 89], [67, 64]], [[13, 8, 1, 1, 4, 12, 28, 38, 45, 49, 44, 32, 19], [132, 134, 148, 166, 172, 177, 176, 171, 158, 137, 133, 132, 140]], [[227, 216, 208, 206, 211, 224, 241, 254, 254, 228], [136, 136, 143, 170, 173, 176, 174, 158, 145, 137]]]",ambulance
69,"[[[123, 122, 127, 141, 148, 155, 160, 121, 88, 63, 22, 11, 2, 0, 10, 31, 121, 145], [29, 19, 10, 0, 0, 6, 19, 24, 59, 60, 49, 62, 82, 119, 137, 141, 145, 140]], [[153, 151], [58, 120]], [[123, 185], [96, 90]], [[135, 157, 185, 237, 245, 255, 254, 244, 236, 190, 169, 157], [146, 151, 150, 133, 125, 92, 69, 44, 36, 17, 16, 20]], [[77, 74, 74, 77, 82, 97, 110, 111, 100, 82], [145, 146, 163, 177, 183, 187, 184, 171, 149, 145]], [[193, 182, 178, 175, 179, 200, 213, 219, 225, 225, 215, 206, 199, 191, 188], [148, 151, 155, 164, 169, 180, 180, 177, 168, 156, 137, 135, 137, 146, 153]], [[155, 157, 160, 160, 149], [61, 58, 74, 114, 116]], [[154, 156, 163, 156, 151, 161, 159, 160, 161], [81, 112, 61, 114, 62, 113, 66, 55, 81]]]",ambulance
70,"[[[24, 63, 145, 182, 191, 194, 211, 225, 240, 251, 254, 254, 252, 237, 186, 180, 168, 154, 149, 144, 143, 133, 55, 49, 40, 36, 36, 31, 23, 11, 5, 0, 6, 18, 51], [63, 52, 40, 39, 49, 75, 67, 65, 67, 73, 90, 110, 117, 122, 123, 120, 101, 97, 98, 104, 124, 128, 132, 112, 109, 118, 136, 142, 142, 133, 122, 77, 69, 63, 59]], [[159, 158, 164, 169, 175, 174], [36, 28, 19, 17, 24, 35]], [[170, 183], [13, 3]], [[187, 193], [16, 14]], [[196, 201], [24, 22]], [[163, 165], [0, 5]], [[152, 154], [13, 14]], [[42, 35, 33, 35, 47, 52, 52, 45], [110, 122, 133, 139, 143, 135, 125, 112]], [[161, 151, 146, 148, 156, 168, 179, 177, 169], [97, 103, 116, 127, 131, 130, 121, 109, 99]], [[26, 26], [75, 88]]]",ambulance
71,"[[[11, 10, 14, 26, 69, 70, 73, 77, 159, 253, 255, 250, 248, 247, 98, 37, 1, 0, 15], [149, 134, 121, 128, 129, 81, 66, 61, 70, 68, 70, 80, 97, 185, 164, 161, 164, 160, 133]], [[55, 29, 18, 13, 10, 10, 21, 39, 63, 67, 66, 51], [158, 152, 152, 156, 173, 192, 206, 205, 188, 177, 168, 157]], [[145, 120, 101, 87, 88, 96, 113, 140, 147, 148, 147, 142], [170, 169, 177, 189, 202, 209, 208, 195, 187, 180, 168, 163]], [[199, 176, 167, 161, 161, 165, 183, 193, 193], [175, 178, 183, 193, 202, 208, 210, 196, 178]], [[240, 226, 215, 211, 206, 205, 211, 224, 228, 234, 230], [185, 180, 180, 184, 193, 207, 211, 212, 211, 201, 186]], [[157, 159, 158, 156], [86, 146, 155, 151]], [[117, 128, 200], [132, 136, 132]], [[157, 162, 161, 159, 160, 159], [90, 140, 107, 89, 152, 109]], [[127, 188, 189, 173, 133, 125, 128, 195, 186, 143, 157, 191, 200, 199, 186, 142, 160], [136, 140, 135, 130, 127, 129, 131, 131, 132, 132, 129, 129, 130, 132, 133, 135, 129]], [[98, 103, 114, 123], [39, 15, 0, 35]], [[98, 124], [21, 21]], [[143, 143, 143, 152, 160, 165], [19, 39, 28, 22, 22, 31]]]",ambulance
72,"[[[15, 20], [31, 179]], [[25, 31, 84, 234], [9, 5, 2, 0]], [[252, 252, 244, 245], [5, 33, 107, 163]], [[0, 120, 221, 252], [185, 187, 182, 176]], [[30, 28, 42, 61, 63, 60, 41, 28], [194, 209, 221, 220, 212, 205, 193, 194]], [[190, 189, 186, 183, 189, 200, 230, 244, 252, 255, 250, 230, 207], [194, 191, 192, 208, 215, 220, 223, 219, 210, 189, 179, 168, 170]]]",ambulance
73,"[[[8, 1, 0], [25, 63, 103]], [[10, 178, 183, 183, 254, 253, 253, 248, 170, 104, 28, 0], [25, 27, 52, 82, 82, 119, 122, 123, 118, 119, 114, 109]], [[49, 38, 30, 30, 39, 51, 64, 79, 80, 74, 63, 52], [114, 116, 125, 137, 145, 150, 150, 142, 126, 120, 114, 116]], [[182, 166, 158, 156, 164, 183, 197, 202, 206, 195, 175], [124, 123, 129, 136, 146, 158, 158, 155, 140, 128, 123]], [[164, 164, 167, 172, 186], [25, 56, 76, 81, 83]], [[70, 67, 70, 130, 130, 128], [22, 2, 1, 0, 27, 29]], [[95, 98], [2, 25]], [[96, 100, 104], [53, 82, 92]]]",ambulance
74,"[[[8, 28, 65, 84, 141, 227, 228, 220, 213, 159, 54, 15, 2, 0, 3], [145, 120, 86, 44, 42, 44, 99, 156, 171, 173, 170, 159, 144, 135, 134]], [[13, 6, 16, 30, 51, 68, 74, 74, 65, 39, 23, 16, 7], [147, 186, 204, 213, 214, 205, 193, 185, 173, 162, 161, 164, 177]], [[96, 70, 64, 74, 83, 94, 108, 119, 126, 127, 120, 100, 87, 79], [171, 171, 189, 203, 207, 207, 204, 197, 190, 177, 171, 165, 165, 171]], [[206, 177, 158, 153, 152, 158, 166, 185, 203, 207, 206, 193, 179, 164], [165, 163, 172, 179, 189, 199, 204, 206, 199, 193, 180, 170, 166, 169]], [[232, 201, 189, 186, 190, 200, 216, 228, 231, 229, 223, 204], [166, 163, 167, 172, 182, 192, 196, 188, 175, 164, 157, 147]], [[96, 99, 105, 177, 202, 218, 217, 215, 211], [40, 8, 0, 5, 5, 2, 41, 48, 47]], [[171, 168], [12, 47]], [[143, 130], [1, 55]], [[224, 243, 250, 254, 253, 217], [70, 72, 79, 89, 160, 144]]]",ambulance
75,"[[[42, 84, 157, 183, 186, 181, 181, 172, 142, 84, 70, 56, 52, 50, 47], [147, 153, 156, 161, 165, 201, 231, 233, 232, 219, 221, 228, 225, 213, 136]], [[51, 18, 2, 0, 3, 9, 16, 70], [153, 156, 164, 189, 212, 231, 234, 224]], [[54, 57, 59, 68, 82, 95, 101, 107], [213, 245, 250, 255, 249, 238, 228, 205]], [[138, 138, 140, 149, 159, 168, 170], [219, 242, 246, 246, 242, 231, 210]], [[91, 92, 99, 110, 118, 145], [142, 119, 98, 84, 84, 163]], [[134, 181], [60, 0]], [[195, 210, 218], [77, 61, 45]]]",ambulance
76,"[[[192, 218, 224, 236, 241, 231, 189, 186, 175, 167, 146, 118, 22, 6, 0, 1, 6, 21, 66, 111, 179], [93, 93, 96, 120, 149, 161, 192, 201, 213, 233, 236, 231, 228, 192, 164, 118, 104, 79, 62, 75, 86]], [[172, 130, 121, 117], [193, 190, 201, 217]], [[121, 116, 115, 118, 124, 149, 161, 171], [204, 221, 249, 255, 255, 250, 244, 196]], [[90, 76, 87, 97, 104, 110, 107, 99, 79], [196, 250, 253, 247, 237, 200, 195, 194, 200]], [[59, 31, 26, 38, 59, 71, 76, 78, 72], [202, 219, 226, 233, 237, 237, 233, 217, 203]], [[169, 156, 150], [72, 7, 8]], [[115, 115], [0, 3]], [[124, 137, 145, 134, 102, 98, 96, 91], [6, 1, 1, 6, 5, 8, 51, 60]], [[110, 109], [27, 73]], [[142, 142, 132], [35, 52, 86]]]",ambulance
77,"[[[25, 37, 37, 110, 169, 168, 166, 154], [69, 70, 73, 82, 84, 255, 245, 227]], [[24, 20, 4, 1, 56, 217, 245, 249], [62, 106, 178, 217, 229, 244, 243, 224]], [[174, 206, 206, 156, 142], [148, 147, 248, 224, 211]], [[107, 103, 103, 110, 122, 136, 158, 160], [72, 68, 63, 53, 47, 46, 55, 74]], [[173, 215, 207], [66, 64, 55]], [[174, 172, 159], [33, 23, 0]], [[107, 73], [22, 3]], [[81, 72], [44, 44]]]",ambulance
78,"[[[9, 9, 0, 5, 40, 85, 113, 167, 211, 222, 223, 221, 217, 160, 125, 72, 39, 11], [55, 106, 161, 162, 154, 151, 151, 157, 156, 147, 135, 70, 66, 53, 50, 49, 55, 56]], [[16, 17, 31, 51, 63], [159, 181, 181, 170, 153]], [[159, 161, 174, 192, 204], [155, 168, 175, 176, 167]], [[110, 107], [84, 132]], [[91, 133], [107, 107]], [[163, 166, 179, 182, 183], [51, 43, 42, 44, 53]], [[140, 120], [24, 10]], [[181, 179], [21, 0]], [[189, 203, 217], [13, 13, 8]], [[209, 255], [48, 48]]]",ambulance
79,"[[[5, 0, 15, 33, 51, 98, 159, 197, 228, 239, 242, 240, 203, 185, 171, 162, 161, 157, 86, 74, 63, 49, 47, 42, 15], [182, 126, 99, 80, 73, 68, 71, 87, 112, 127, 143, 161, 166, 156, 155, 167, 180, 180, 177, 158, 154, 161, 174, 179, 182]], [[68, 57, 52, 54, 70, 75, 75], [175, 175, 179, 193, 197, 192, 181]], [[189, 178, 174, 173, 181, 195, 198, 197, 186, 178], [167, 168, 171, 181, 189, 191, 186, 178, 168, 168]], [[105, 106, 114, 121, 140, 165, 175, 177], [68, 35, 20, 17, 18, 32, 46, 67]], [[184, 201], [19, 4]], [[206, 255], [60, 45]], [[118, 35], [9, 0]], [[59, 36], [35, 40]]]",ambulance
80,"[[[93, 103, 104, 139, 140, 149, 84], [174, 111, 51, 54, 97, 171, 173]], [[103, 81, 58, 50, 42, 20, 7, 0, 1, 10, 23, 121, 124], [73, 61, 32, 27, 28, 42, 60, 77, 112, 127, 134, 163, 162]], [[140, 148, 158, 187, 214, 250, 255, 254, 250, 237, 220, 209, 179, 147, 145], [66, 47, 34, 23, 19, 28, 57, 86, 103, 125, 147, 154, 161, 163, 154]], [[113, 108, 101, 101, 113, 130, 140, 142, 131, 116, 115], [50, 44, 21, 2, 0, 3, 16, 29, 44, 46, 39]], [[110, 112], [9, 14]], [[123, 123], [9, 13]], [[120, 120], [20, 26]], [[113, 116, 123, 133], [32, 39, 41, 34]], [[96, 93, 87, 85, 90, 94], [171, 193, 195, 199, 201, 193]], [[138, 143, 150, 150, 147, 141], [172, 195, 192, 195, 199, 192]]]",angel
81,"[[[128, 116, 99, 87, 77, 75, 80, 90, 114, 130, 145, 147, 139], [40, 36, 36, 42, 56, 73, 84, 91, 92, 85, 69, 50, 38]], [[89, 56, 19, 18, 23, 43, 85, 91, 93, 88, 78, 61, 25, 37, 53, 60, 69, 86, 95, 113, 120, 163, 176, 193, 207, 209, 204, 148, 143, 205, 218, 219, 179, 129], [91, 124, 155, 159, 162, 163, 130, 127, 130, 153, 179, 207, 252, 252, 243, 242, 251, 249, 255, 249, 251, 249, 255, 250, 252, 239, 224, 141, 123, 155, 155, 145, 112, 83]], [[109, 87, 69, 53, 52, 58, 82, 109, 144, 145, 139, 112, 99], [0, 0, 8, 20, 24, 27, 28, 24, 13, 9, 7, 6, 11]], [[151, 150, 173, 197, 222, 225, 202, 194, 193], [71, 65, 39, 26, 23, 34, 76, 103, 122]], [[76, 58, 33, 12, 5, 1, 1, 9, 57], [80, 57, 35, 27, 28, 33, 48, 67, 139]]]",angel
82,"[[[98, 74, 52, 46, 44, 52, 63, 82, 116, 137, 145, 154, 154, 136, 89, 85], [72, 70, 60, 54, 34, 18, 10, 3, 0, 10, 18, 40, 57, 71, 74, 70]], [[110, 106, 90, 64, 57, 66, 82, 115, 127, 130, 121, 105], [57, 60, 59, 42, 32, 18, 12, 12, 19, 47, 57, 60]], [[84, 71, 70, 85, 105, 137, 148, 149, 144, 135, 123], [82, 88, 106, 127, 139, 141, 132, 123, 102, 91, 89]], [[104, 85, 84, 96, 107, 115, 137, 148, 153, 150], [141, 184, 215, 238, 245, 246, 244, 227, 192, 143]], [[152, 180, 203, 225, 228, 235, 255, 232, 229, 207, 210, 179, 164], [124, 98, 66, 43, 45, 72, 157, 124, 164, 133, 166, 135, 126]], [[82, 71, 26, 0], [132, 120, 87, 76]]]",angel
83,"[[[140, 153, 174, 183, 210, 224, 227, 228, 221, 207, 143, 139], [103, 88, 74, 71, 70, 83, 91, 123, 150, 165, 201, 193]], [[82, 53, 27, 14, 4, 0, 10, 27, 48, 90], [105, 82, 82, 95, 112, 142, 162, 179, 187, 194]], [[65, 70, 105, 109], [246, 212, 73, 68]], [[114, 125, 160], [73, 155, 255]], [[78, 90, 146], [237, 250, 247]], [[121, 99, 89, 84, 83, 95, 114, 130, 137, 137, 132, 113, 82], [48, 45, 33, 23, 7, 1, 0, 8, 24, 45, 54, 63, 64]]]",angel
84,"[[[77, 60, 42, 37, 36, 52, 89, 133, 141, 141, 121, 93, 69, 56, 56], [40, 39, 34, 28, 18, 8, 0, 1, 5, 12, 28, 41, 46, 46, 42]], [[81, 64, 61, 69, 90, 112, 113, 110, 90, 65], [30, 32, 26, 21, 18, 19, 23, 26, 33, 31]], [[82, 62, 51, 47, 50, 67, 92, 140, 156, 159, 156, 139, 101, 97], [137, 128, 114, 98, 84, 72, 66, 65, 69, 74, 87, 108, 130, 117]], [[88, 106], [95, 93]], [[126, 123], [87, 88]], [[96, 131], [110, 108]], [[117, 242, 243, 232, 203, 240, 241, 237, 169, 207, 222, 219, 191, 172, 167], [128, 99, 102, 109, 120, 117, 120, 123, 140, 133, 133, 138, 147, 149, 146]], [[74, 4, 68, 54, 20, 72, 74, 72, 46, 82, 65, 0, 64, 63, 66, 76, 82, 83, 89, 100, 108, 113, 116, 195, 192, 170], [134, 134, 137, 146, 155, 150, 153, 155, 167, 164, 182, 229, 220, 250, 253, 249, 226, 252, 255, 249, 238, 213, 211, 206, 193, 153]]]",angel
85,"[[[119, 110, 95, 84, 71, 71, 78, 89, 112, 116, 123, 126, 128, 115], [68, 58, 58, 63, 79, 101, 112, 119, 120, 118, 109, 99, 79, 60]], [[78, 78, 46, 42, 45, 55, 91, 167, 166, 136, 123], [109, 132, 197, 217, 224, 230, 236, 238, 190, 127, 112]], [[132, 150, 165, 194, 201, 204, 205, 200, 206, 219, 228, 234, 233, 220, 220, 206, 188, 157], [120, 81, 71, 61, 62, 69, 83, 95, 91, 91, 96, 104, 116, 130, 141, 161, 167, 164]], [[79, 79], [236, 255]], [[108, 112], [233, 255]], [[73, 58, 49, 39, 21, 23, 8, 0, 1, 9, 4, 12, 30, 45], [141, 101, 87, 78, 77, 99, 101, 113, 125, 138, 155, 165, 178, 180]], [[43, 54, 64], [178, 182, 179]], [[124, 80, 73, 66], [13, 0, 3, 15]]]",angel
86,"[[[128, 154, 178, 185, 175, 162, 141, 125, 114, 121, 130, 157], [38, 47, 66, 76, 88, 95, 101, 99, 76, 53, 46, 57]], [[132, 138, 142, 142], [108, 119, 136, 196]], [[173, 172, 183, 229, 244, 248, 255, 252, 218, 241, 245, 244, 241, 215, 201, 238, 246, 244, 216, 203, 192, 179, 167], [138, 134, 118, 97, 66, 65, 82, 109, 121, 125, 135, 143, 148, 152, 146, 171, 178, 182, 190, 189, 177, 153, 142]], [[97, 64, 49, 37, 21, 3, 0, 3, 9, 50, 19, 30, 57, 39, 63, 99, 126], [124, 101, 83, 74, 74, 84, 87, 96, 103, 117, 124, 141, 141, 164, 168, 158, 162]], [[105, 115, 130, 133], [120, 120, 114, 105]], [[136, 142, 167, 174], [111, 112, 130, 131]], [[167, 160, 154, 154, 173, 190, 189, 168, 150, 131, 132, 120, 112, 85, 82, 85, 102, 109, 123, 123], [154, 164, 181, 207, 228, 232, 234, 243, 234, 192, 215, 232, 235, 235, 229, 224, 218, 212, 178, 160]], [[108, 164, 173, 170, 111, 107, 113], [6, 4, 13, 23, 20, 6, 0]]]",angel
87,"[[[123, 113, 100, 81, 70, 70, 74, 92, 109, 131, 134, 136, 131, 128, 119], [33, 30, 31, 43, 66, 92, 113, 123, 121, 107, 93, 56, 40, 38, 40]], [[96, 86, 82, 88, 95, 100, 110, 111, 104, 98, 94], [53, 53, 59, 77, 83, 82, 76, 71, 61, 57, 58]], [[85, 87, 96, 101], [59, 67, 75, 61]], [[93, 104, 104], [82, 85, 76]], [[129, 122, 119, 120, 125, 134, 135, 123], [59, 59, 68, 80, 89, 87, 81, 57]], [[122, 128, 131, 131], [63, 79, 78, 64]], [[127, 131], [85, 92]], [[87, 96, 105, 115, 119], [110, 119, 121, 113, 99]], [[80, 97, 114, 120, 117, 102, 67], [22, 21, 14, 4, 0, 4, 22]], [[91, 83, 76, 79, 83, 122, 153, 156, 132, 108, 91, 82], [135, 154, 251, 255, 254, 235, 217, 210, 178, 137, 120, 116]], [[92, 79, 50, 12, 5, 1, 0, 5, 26, 77, 99, 113], [173, 164, 128, 115, 118, 130, 143, 156, 176, 202, 209, 204]], [[113, 113, 119, 135, 155, 167, 172, 173, 165, 144, 130, 126], [152, 142, 123, 98, 95, 98, 102, 116, 149, 177, 183, 176]], [[75, 88, 103], [191, 191, 183]]]",angel
88,"[[[177, 124, 98, 86, 93, 109, 161, 168, 180, 183, 173, 156, 136], [6, 2, 8, 16, 21, 24, 26, 24, 16, 5, 1, 0, 8]], [[130, 114, 101, 96, 97, 105, 129, 153, 171, 183, 186, 183, 164, 134], [49, 51, 67, 88, 94, 102, 111, 111, 104, 90, 64, 53, 44, 41]], [[121, 105, 77, 73, 206, 206, 160, 142], [114, 164, 223, 243, 230, 225, 150, 99]], [[174, 176, 183, 198, 216, 220, 208, 230, 255, 254, 229, 248, 249, 245, 237, 210, 169], [146, 115, 97, 74, 60, 73, 113, 102, 101, 108, 143, 147, 157, 167, 174, 180, 183]], [[94, 57, 30, 27, 29, 58, 54, 25, 19, 18, 30, 61, 37, 5, 0, 1, 9], [118, 84, 72, 77, 85, 130, 132, 128, 139, 150, 164, 175, 170, 169, 172, 180, 191]]]",angel
89,"[[[147, 155, 192, 215, 221, 226, 228, 225, 240, 246, 254, 254, 238, 236], [115, 103, 64, 43, 42, 49, 65, 96, 95, 97, 118, 141, 166, 176]], [[79, 57, 39, 3, 4, 10, 18, 15, 2, 0, 22, 29], [110, 103, 93, 61, 103, 116, 120, 125, 127, 156, 175, 174]], [[82, 72, 47, 135, 219, 219, 206, 176, 157, 137, 90, 88, 99, 126, 138, 141, 152, 152, 145, 135, 119, 104, 101], [116, 166, 229, 225, 227, 216, 197, 168, 140, 118, 115, 97, 75, 64, 64, 67, 80, 91, 106, 111, 113, 113, 110]], [[135, 131, 117, 91, 85, 95, 108, 128, 149, 152, 137, 128], [42, 47, 44, 27, 14, 4, 1, 0, 8, 24, 34, 36]]]",angel
90,"[[[28, 14, 1, 0, 8, 17, 19, 16, 20, 28, 31, 36, 51, 61, 64, 67], [228, 223, 212, 189, 187, 189, 184, 175, 171, 176, 122, 126, 125, 113, 113, 120]], [[146, 158, 160, 155, 176, 177, 165, 173, 172, 145], [129, 120, 126, 141, 137, 141, 165, 170, 181, 221]], [[36, 51, 73, 86, 111, 118, 135, 134, 141, 140, 130, 122, 98, 55, 50], [242, 181, 138, 118, 119, 125, 161, 185, 215, 225, 249, 255, 246, 243, 239]], [[90, 74, 65, 61, 60, 100, 108, 128, 131, 125, 92], [115, 118, 110, 94, 64, 50, 51, 74, 95, 103, 117]], [[65, 88, 113, 129, 132, 124, 78, 63, 55, 58, 70], [31, 30, 36, 30, 23, 13, 0, 5, 18, 29, 28]]]",angel
91,"[[[52, 39, 15, 10, 5, 1, 9, 9, 0, 4, 13, 30, 36, 36, 38, 42, 48, 59, 62, 59, 71, 83, 81, 67], [92, 85, 83, 84, 94, 136, 157, 181, 228, 231, 230, 215, 203, 191, 206, 213, 216, 215, 207, 191, 196, 197, 178, 155]], [[54, 56, 61, 101, 108, 119, 134, 134, 116, 74, 73, 90, 90, 64, 55, 59], [92, 85, 82, 81, 86, 157, 233, 238, 245, 255, 245, 208, 187, 153, 116, 98]], [[112, 128, 136, 153, 162, 165, 174, 178, 178, 167, 149, 148, 145, 137, 124], [92, 76, 73, 75, 89, 113, 129, 146, 170, 201, 203, 211, 213, 213, 201]], [[79, 71, 69, 70, 85, 105, 110, 106, 95, 79], [42, 45, 51, 69, 73, 73, 66, 51, 42, 36]], [[87, 68, 57, 73, 100, 105, 97, 87], [1, 0, 11, 18, 20, 13, 6, 3]]]",angel
92,"[[[0, 21, 37, 46, 143, 255], [0, 78, 198, 238, 238, 220]], [[42, 60, 95, 115, 124, 129, 128], [172, 167, 167, 177, 190, 207, 246]]]",angel
93,"[[[141, 139, 126, 113, 104, 102, 105, 121], [90, 81, 72, 73, 80, 89, 100, 126]], [[122, 115, 108, 58, 0, 3, 53, 58, 56, 60, 71, 92, 110], [126, 127, 124, 87, 10, 19, 106, 124, 152, 164, 172, 180, 180]], [[143, 144, 159, 176, 208, 211, 219, 216, 212, 180, 177, 183, 200, 212, 150, 126, 106, 105, 113, 117, 111], [85, 124, 115, 65, 0, 56, 93, 126, 138, 166, 177, 205, 214, 227, 234, 245, 240, 235, 221, 204, 176]], [[129, 124, 126, 135, 138, 144], [146, 156, 169, 179, 179, 172]], [[161, 170, 165, 147], [142, 185, 186, 177]], [[111, 96, 93, 126, 128, 126, 111], [44, 50, 54, 55, 52, 44, 45]], [[147, 150], [237, 255]]]",angel
94,"[[[116, 111, 98, 97, 157, 168, 171, 168, 144, 137, 120], [73, 118, 158, 176, 177, 176, 172, 155, 126, 77, 75]], [[120, 105, 68, 29, 22, 17, 28, 43, 16, 6, 0, 3, 12, 77, 87, 108], [75, 63, 42, 39, 49, 76, 89, 94, 112, 114, 123, 133, 139, 141, 139, 119]], [[139, 204, 239, 254, 255, 255, 239, 204, 164, 186, 205, 216, 227, 227, 222, 208, 203, 195, 185, 144], [75, 11, 4, 5, 10, 38, 66, 84, 97, 98, 93, 93, 107, 126, 133, 139, 139, 128, 122, 121]], [[136, 138, 148, 140, 131, 104, 101, 101, 119], [68, 47, 40, 35, 33, 33, 37, 55, 68]], [[104, 130, 137, 127, 103, 99, 99, 104], [12, 12, 5, 1, 0, 5, 13, 14]]]",angel
95,"[[[53, 74, 107, 119, 121], [204, 177, 158, 132, 116]], [[255, 249, 238, 218, 208], [213, 213, 201, 136, 121]], [[57, 130, 225, 228], [214, 210, 213, 209]], [[144, 122, 117, 119, 133, 172, 171, 164, 126], [22, 20, 12, 6, 0, 0, 9, 11, 13]], [[153, 144, 142, 172, 178, 176, 159, 149, 144], [55, 51, 32, 30, 40, 50, 55, 55, 52]], [[126, 104, 94, 122], [65, 80, 95, 112]], [[188, 225, 237, 237, 213, 209], [69, 72, 81, 95, 116, 117]], [[82, 3, 0, 3, 9, 31, 62, 115, 126], [52, 21, 134, 153, 153, 140, 127, 116, 111]]]",angel
96,"[[[49, 35, 18, 17, 29, 52, 76, 101, 116, 120, 118, 100, 80, 54], [50, 53, 79, 101, 122, 135, 136, 126, 112, 102, 90, 64, 50, 44]], [[35, 24, 5, 0, 4, 14, 28, 68, 83, 101, 114, 115, 106, 92, 77, 43, 13, 5], [53, 53, 41, 29, 17, 8, 4, 0, 2, 10, 24, 38, 48, 54, 57, 57, 52, 45]], [[52, 47, 36, 20, 156, 125, 82], [138, 169, 211, 247, 231, 193, 129]], [[94, 132, 186, 222, 247, 255, 246, 235, 215, 224, 232, 197, 163, 151, 164, 173, 176, 139, 111], [134, 102, 73, 66, 67, 71, 74, 85, 113, 112, 126, 124, 133, 140, 142, 152, 161, 159, 165]]]",angel
97,"[[[52, 31, 14, 8, 5, 15, 2, 0, 2, 16, 8, 8, 15, 26, 33, 37, 72, 87, 108, 137, 184, 199, 200, 203, 218, 214, 230, 232, 225, 255, 252, 237, 208, 42], [103, 99, 92, 88, 81, 75, 57, 46, 42, 42, 29, 21, 18, 19, 8, 7, 49, 59, 64, 65, 42, 41, 48, 51, 54, 65, 77, 88, 94, 105, 112, 122, 123, 99]], [[101, 100, 117, 126, 130, 130, 126, 105, 81], [58, 21, 19, 22, 27, 35, 43, 53, 53]], [[103, 125, 129, 123, 105, 119], [1, 0, 1, 5, 4, 0]], [[98, 80, 60], [55, 114, 157]], [[88, 111], [107, 178]]]",angel
98,"[[[116, 118, 85], [70, 116, 167]], [[167, 152, 150, 162, 181], [64, 130, 161, 174, 179]], [[116, 134, 159, 169, 168, 153, 138, 128, 122, 126], [17, 23, 24, 21, 16, 8, 7, 12, 20, 28]], [[167, 141, 129, 115, 109, 111, 119, 130, 151, 159, 164, 164, 160, 149, 140], [34, 33, 36, 45, 55, 62, 67, 68, 64, 60, 51, 44, 39, 35, 35]], [[131, 131], [40, 53]], [[149, 146], [40, 51]], [[121, 133, 142, 167], [54, 59, 59, 50]], [[162, 192, 207, 217, 219, 209, 187, 237, 247, 250, 251, 243, 233, 204, 211, 210, 205, 145], [65, 21, 11, 10, 18, 36, 57, 16, 13, 15, 34, 48, 57, 75, 78, 85, 91, 127]], [[110, 103, 94, 86, 74, 69, 68, 72, 76, 75, 63, 50, 47, 47, 52, 65, 88, 97, 100], [55, 25, 7, 1, 2, 10, 35, 49, 50, 36, 15, 6, 12, 47, 71, 91, 107, 119, 131]], [[214, 255], [94, 75]], [[231, 239], [95, 91]], [[30, 2], [82, 63]], [[10, 0], [98, 90]], [[166, 165, 149, 126, 123, 125, 149, 164, 171, 165, 140], [10, 7, 4, 7, 20, 23, 30, 30, 27, 17, 10]]]",angel
99,"[[[56, 35, 22, 20, 24, 30, 38, 55, 69], [80, 56, 50, 65, 101, 120, 133, 146, 151]], [[154, 181, 190, 195, 210, 213, 205, 196, 190], [89, 45, 36, 38, 75, 97, 132, 152, 158]], [[55, 100], [76, 115]], [[61, 77, 97], [153, 159, 161]], [[154, 129], [84, 121]], [[201, 167], [159, 174]], [[95, 101, 115, 127, 140, 158, 155, 145, 131, 116, 109, 101, 98], [108, 94, 82, 83, 92, 164, 177, 189, 193, 188, 182, 167, 134]], [[97, 118, 141], [108, 115, 103]], [[108, 96, 95, 100, 114, 138, 142, 128, 114, 92], [56, 65, 69, 72, 73, 66, 59, 52, 54, 63]], [[19, 9, 0], [47, 32, 9]], [[107, 130], [37, 0]], [[204, 255], [35, 20]]]",angel
100,"[[[19, 52], [44, 50]], [[0, 0, 5], [56, 65, 69]], [[51, 55], [51, 74]], [[60, 75, 79, 79], [48, 70, 74, 68]], [[19, 26, 31], [47, 59, 61]], [[85, 80, 80, 89, 94, 102, 101], [24, 26, 41, 48, 46, 18, 5]], [[192, 207, 247], [11, 13, 11]], [[186, 186, 188, 194], [19, 34, 37, 36]], [[231, 231], [17, 33]], [[236, 246], [19, 31]], [[167, 186], [22, 35]], [[242, 231, 229, 242, 255], [0, 4, 12, 22, 23]]]",animal migration
101,"[[[0, 3, 12, 23, 40, 47, 53, 53, 49, 68, 88, 115, 125, 130], [36, 25, 14, 9, 8, 12, 24, 40, 56, 21, 2, 2, 9, 19]], [[158, 160, 175, 193, 202, 208, 210, 200, 209, 223, 232, 248, 254, 255], [32, 21, 6, 4, 7, 14, 28, 57, 34, 13, 8, 6, 13, 38]]]",animal migration
102,"[[[39, 47, 58, 76, 80, 89, 101, 113, 148, 169], [16, 45, 63, 63, 54, 52, 68, 73, 34, 0]], [[115, 110, 110, 121, 135, 145, 151, 168, 183, 193, 201, 212], [133, 142, 157, 178, 182, 180, 172, 176, 172, 156, 122, 97]], [[1, 0, 6, 13, 24, 34, 40, 46, 60, 75, 89, 107], [206, 221, 239, 248, 249, 245, 246, 253, 255, 249, 229, 186]]]",animal migration
103,"[[[181, 191, 204, 213, 219, 232, 252, 255], [18, 5, 0, 9, 24, 16, 11, 34]], [[37, 71, 75, 78, 88, 100, 99], [33, 10, 14, 39, 24, 20, 44]], [[0, 42, 44, 41, 47, 60, 85, 88, 90, 90, 88], [85, 58, 68, 74, 75, 69, 69, 71, 74, 90, 101]]]",animal migration
104,"[[[193, 179, 170, 175, 188, 194, 202, 192], [20, 25, 45, 58, 60, 57, 31, 23]], [[195, 214, 234, 211, 198], [54, 56, 40, 38, 48]], [[205, 182], [56, 91]], [[197, 170, 170], [57, 124, 130]], [[215, 230, 244], [57, 76, 102]], [[226, 226], [53, 53]], [[225, 255], [43, 83]], [[63, 55, 46, 42, 52, 74, 82, 89, 61], [40, 40, 46, 57, 65, 72, 71, 49, 35]], [[73, 69, 70, 74, 92, 101, 99, 94, 83, 78], [69, 96, 108, 108, 95, 82, 73, 69, 64, 68]], [[70, 43], [81, 86]], [[70, 62, 30], [68, 71, 71]], [[81, 86, 94], [92, 101, 143]], [[99, 103, 115], [86, 108, 139]], [[29, 22, 11, 3, 0, 6, 21, 21, 12], [21, 15, 17, 26, 37, 41, 42, 32, 2]], [[36, 26, 13], [60, 82, 121]]]",animal migration
105,"[[[159, 158, 172, 177, 183, 189, 201, 213, 224, 233], [69, 47, 29, 29, 37, 59, 37, 29, 29, 42]], [[90, 113, 128, 137, 145, 152, 172, 210, 222, 235, 239, 244, 249, 255], [150, 106, 86, 82, 82, 92, 156, 103, 92, 88, 91, 106, 157, 171]], [[59, 61, 68, 73, 110, 133, 144], [56, 82, 96, 96, 37, 8, 0]], [[60, 46, 37, 28, 12, 0], [58, 83, 93, 78, 26, 11]]]",animal migration
106,"[[[2, 0, 9, 19, 22, 31, 41, 58, 68], [78, 66, 56, 55, 70, 57, 54, 67, 87]], [[93, 97, 104, 112, 118, 120, 122, 128, 137, 151, 161, 167], [93, 74, 65, 60, 61, 73, 67, 62, 59, 59, 67, 81]], [[61, 59, 63, 76, 80, 84, 90, 100, 118, 124], [28, 25, 19, 10, 14, 25, 8, 0, 8, 19]], [[171, 170, 184, 196, 200, 214, 230, 248, 254], [24, 18, 10, 8, 21, 9, 7, 17, 28]]]",animal migration
107,"[[[25, 88, 105, 139, 155, 195, 213, 224], [40, 14, 20, 4, 0, 6, 21, 25]], [[0, 48, 78, 95, 119, 156, 174, 191, 233], [156, 113, 106, 111, 98, 89, 88, 90, 154]], [[43, 57, 71, 95, 113, 128, 138, 169, 195, 207, 226, 233, 240], [255, 227, 211, 195, 194, 205, 206, 189, 183, 184, 197, 212, 253]]]",animal migration
108,"[[[136, 137, 144, 158, 172, 184, 202, 220, 229, 240], [25, 17, 7, 2, 5, 27, 7, 0, 4, 21]], [[0, 6, 16, 36, 54, 63, 91], [43, 39, 40, 61, 50, 49, 64]], [[162, 173, 189, 211, 227, 236, 247, 255], [90, 85, 84, 99, 91, 90, 97, 113]], [[9, 6, 7, 22, 43, 61, 79, 95, 105, 117], [115, 114, 107, 94, 93, 96, 82, 76, 76, 84]]]",animal migration
109,"[[[118, 136, 151, 176, 182, 185, 194], [103, 89, 85, 85, 91, 114, 127]], [[191, 213, 241, 248, 251, 246, 255], [125, 99, 80, 81, 91, 120, 123]], [[5, 0, 1, 11, 16, 40, 63, 75, 84, 85, 100, 111, 125, 138, 149, 198, 214], [215, 210, 203, 181, 174, 158, 157, 160, 169, 180, 162, 154, 150, 152, 171, 189, 198]], [[43, 40, 42, 56, 87, 106, 118, 124, 125, 120, 132, 153, 168, 188, 200, 214], [59, 53, 37, 22, 8, 4, 4, 11, 26, 43, 26, 6, 0, 0, 13, 45]]]",animal migration
110,"[[[0, 9, 15], [61, 37, 35]], [[84, 102, 139, 153], [30, 26, 4, 0]], [[19, 32], [115, 121]], [[67, 93], [147, 138]], [[162, 175], [216, 207]], [[249, 251], [255, 244]]]",animal migration
111,"[[[17, 36], [39, 39]], [[31, 22, 14, 12, 28, 39], [0, 10, 29, 54, 56, 53]], [[5, 0], [36, 36]], [[88, 132, 144], [36, 36, 32]], [[136, 128, 111, 138], [8, 25, 41, 53]], [[192, 223, 255], [34, 34, 26]], [[246, 235], [5, 24]]]",animal migration
112,"[[[4, 9, 25, 30, 44, 55, 72, 92, 107], [28, 18, 7, 8, 17, 8, 4, 10, 25]], [[130, 140, 163, 184, 209, 219, 232, 250, 255], [16, 6, 0, 2, 12, 5, 6, 13, 35]], [[0, 24, 31, 40, 52, 69, 84, 105, 122, 137], [61, 38, 37, 41, 55, 34, 30, 37, 62, 73]], [[146, 163, 174, 182], [70, 42, 32, 31]], [[189, 196], [35, 47]], [[201, 202], [53, 55]], [[208, 224], [55, 46]]]",animal migration
113,"[[[0, 1, 6, 13, 40, 57, 67, 97], [78, 68, 61, 60, 72, 52, 46, 60]], [[68, 76, 82, 107, 130, 150], [108, 90, 86, 96, 70, 76]], [[146, 166, 172, 193, 208, 236, 244, 255], [49, 15, 15, 27, 28, 1, 1, 8]]]",animal migration
114,"[[[13, 33, 38, 92], [5, 44, 44, 0]], [[0, 25, 40, 49], [79, 129, 152, 134]], [[103, 137, 143, 156], [94, 125, 119, 83]], [[72, 79, 91, 97, 109], [215, 236, 255, 253, 231]]]",animal migration
115,"[[[6, 28, 37, 45, 48], [111, 84, 79, 87, 109]], [[65, 86, 101, 107, 110], [121, 100, 94, 101, 119]], [[93, 77, 52, 54, 57], [117, 116, 122, 100, 98]], [[173, 169, 174, 186, 207, 209, 208, 231, 250, 255, 246], [20, 43, 35, 25, 20, 31, 55, 36, 29, 46, 88]], [[0, 25, 51, 66, 92, 99, 101], [23, 6, 0, 22, 12, 14, 20]], [[168, 180, 190, 197, 196, 204, 232, 241, 243], [144, 131, 126, 132, 142, 144, 134, 137, 154]]]",animal migration
116,"[[[0, 48, 59, 96], [68, 34, 30, 61]], [[80, 165, 181], [47, 12, 41]], [[175, 232, 236, 255], [31, 0, 0, 29]], [[95, 106, 115, 128, 139, 183], [102, 101, 107, 101, 107, 105]]]",animal migration
117,"[[[109, 158, 190, 226, 254], [10, 14, 39, 14, 0]], [[38, 45, 66, 85, 102, 104, 109, 118, 134, 178, 197, 219, 245], [110, 119, 127, 128, 121, 157, 171, 175, 162, 115, 125, 125, 120]], [[0, 20, 30, 41, 51, 157, 183, 228, 236], [192, 219, 222, 251, 255, 227, 231, 231, 235]]]",animal migration
118,"[[[46, 33, 20, 3, 1, 2], [102, 78, 69, 67, 70, 89]], [[44, 53, 64, 80, 91], [100, 73, 61, 69, 87]], [[192, 181, 173, 157, 147, 144, 150], [69, 43, 35, 29, 30, 35, 59]], [[194, 195, 202, 214, 219, 229, 237, 250, 255], [69, 59, 41, 25, 23, 24, 32, 51, 65]], [[125, 107, 96, 88, 84, 86], [145, 126, 121, 121, 127, 151]], [[123, 127, 153, 157, 178], [146, 127, 93, 92, 120]], [[93, 86, 69, 61, 54, 52], [26, 13, 1, 1, 7, 19]], [[91, 98, 113, 129, 137], [21, 9, 5, 15, 24]]]",animal migration
119,"[[[37, 37, 42, 44, 46, 59, 58, 51, 40, 35, 36, 40], [33, 26, 15, 15, 35, 15, 33, 49, 51, 34, 28, 26]], [[62, 68, 75, 89, 90, 84, 76, 73], [37, 33, 32, 40, 48, 56, 58, 49]], [[58, 73], [47, 49]], [[70, 65, 60], [50, 55, 69]], [[77, 74], [50, 64]], [[119, 116, 122, 124, 125, 132, 143, 145, 139, 131, 118, 115, 117, 123], [37, 33, 18, 19, 36, 26, 18, 26, 37, 46, 50, 38, 34, 32]], [[136, 153, 166, 167, 150, 132], [43, 37, 37, 40, 47, 49]], [[137, 136], [51, 71]], [[159, 158], [52, 65]], [[88, 84, 86, 94, 99, 102, 104, 110, 117, 119, 119, 113, 91, 88], [96, 94, 87, 73, 75, 88, 80, 74, 73, 75, 84, 91, 97, 92]], [[100, 118, 143, 129, 116], [93, 94, 91, 82, 81]], [[110, 105, 101, 104, 110], [92, 97, 109, 111, 105]], [[119, 119], [93, 112]], [[174, 172, 178, 181, 179, 190, 199, 201, 195, 171], [93, 84, 70, 69, 86, 70, 67, 73, 80, 93]], [[192, 217, 216, 190, 182, 178], [85, 84, 89, 97, 96, 93]], [[177, 176], [96, 113]], [[195, 191], [96, 117]], [[2, 1, 9, 9, 23, 31, 34, 6], [98, 87, 69, 83, 73, 73, 79, 91]], [[27, 51, 55, 51, 18, 4], [85, 85, 95, 98, 103, 97]], [[19, 18], [98, 121]], [[34, 38], [101, 122]], [[207, 204, 214, 217, 219, 217, 231, 241, 243, 238, 224, 204], [25, 17, 1, 0, 6, 19, 4, 0, 8, 16, 22, 25]], [[225, 250, 255, 248, 228, 218, 209], [24, 21, 24, 30, 34, 31, 23]], [[229, 222], [35, 56]], [[246, 241], [32, 63]]]",animal migration
120,"[[[27, 17, 16, 21, 34, 50, 49, 34, 23, 17], [47, 58, 73, 81, 84, 67, 54, 46, 47, 51]], [[22, 0], [51, 18]], [[41, 46, 43], [45, 11, 0]], [[53, 65, 64, 69, 91, 119, 135, 148, 159, 158, 149, 126, 87, 68, 62], [68, 68, 58, 51, 36, 34, 38, 48, 64, 78, 85, 90, 90, 83, 73]], [[161, 175], [70, 69]], [[180, 177, 176, 187, 206, 226, 244, 250, 250, 245, 233, 207, 188, 180, 180], [68, 67, 61, 50, 42, 40, 48, 58, 72, 80, 87, 89, 83, 76, 71]], [[73, 61], [85, 113]], [[95, 94], [88, 126]], [[140, 157], [90, 118]], [[199, 201, 208], [90, 116, 122]], [[234, 242, 255], [89, 105, 112]]]",ant
121,"[[[27, 0, 7, 40, 47, 20], [0, 41, 74, 73, 41, 20]], [[60, 94, 181, 215, 248, 255], [74, 54, 40, 40, 27, 27]], [[235, 201, 168, 135, 128], [40, 54, 54, 80, 60]], [[74, 60], [134, 195]], [[221, 235], [141, 215]]]",ant
122,"[[[34, 18, 14, 4, 1, 2, 10, 18, 46, 69, 83, 89, 99, 96, 82, 50, 40, 35], [9, 12, 15, 27, 38, 68, 86, 96, 108, 104, 94, 87, 57, 36, 16, 1, 0, 4]], [[154, 144, 133, 111, 103, 108, 127, 138, 154, 167, 179, 184, 186, 176, 165, 152, 141], [21, 13, 15, 36, 59, 74, 92, 98, 100, 93, 75, 62, 31, 16, 13, 13, 23]], [[230, 226, 217, 199, 189, 185, 189, 202, 217, 235, 252, 255, 254, 245, 234, 223, 215], [15, 10, 7, 20, 36, 74, 88, 98, 100, 94, 67, 51, 32, 21, 16, 18, 26]], [[118, 104], [94, 134]], [[133, 115], [94, 134]], [[198, 190], [95, 138]], [[210, 211, 199], [100, 105, 140]]]",ant
123,"[[[59, 33, 16, 10, 61, 71, 69], [33, 36, 46, 59, 59, 46, 36]], [[125, 112, 95, 110, 130], [28, 28, 36, 46, 43]], [[204, 183, 173, 171, 189, 206, 219, 227, 212, 199], [0, 10, 23, 51, 61, 54, 39, 23, 8, 8]], [[13, 5, 0, 18], [64, 79, 101, 97]], [[43, 43, 54], [82, 97, 92]], [[82, 82, 95, 113, 125, 130], [54, 67, 94, 99, 97, 92]], [[138, 140, 145, 163], [61, 81, 94, 99]], [[219, 232, 245, 255], [74, 89, 97, 97]], [[36, 26, 26], [18, 5, 0]]]",ant
124,"[[[17, 16, 19], [140, 167, 177]], [[81, 82, 87], [149, 171, 178]], [[78, 58, 39, 13, 0, 3, 10, 36, 69, 78, 92, 97, 96, 83, 65, 51, 43], [47, 46, 57, 85, 120, 131, 139, 144, 143, 139, 125, 109, 96, 72, 52, 47, 54]], [[142, 119, 95, 93, 97, 108, 118, 138, 150, 151, 139, 121, 108], [52, 68, 102, 119, 128, 136, 135, 122, 101, 85, 71, 67, 69]], [[217, 199, 175, 152, 143, 139, 146, 155, 168, 187, 215, 221, 214, 203, 189, 178], [67, 69, 79, 100, 112, 132, 145, 150, 151, 143, 120, 107, 95, 88, 88, 93]], [[185, 166, 148], [79, 47, 35]], [[200, 202, 212, 231, 255], [87, 57, 36, 14, 0]]]",ant
125,"[[[56, 28, 10, 1, 0, 6, 15, 35, 57, 67, 79, 79, 65, 54], [1, 1, 9, 19, 35, 42, 48, 50, 44, 36, 20, 9, 2, 1]], [[165, 135, 102, 87, 86, 108, 151, 173, 175, 164, 153, 140], [20, 4, 5, 16, 29, 44, 47, 38, 32, 19, 12, 11]], [[249, 219, 200, 192, 180, 178, 181, 194, 241, 254, 255], [13, 6, 6, 9, 23, 44, 47, 47, 28, 21, 15]], [[99, 97, 63], [45, 104, 104]], [[137, 138, 134, 130, 101], [45, 80, 106, 108, 107]]]",ant
126,"[[[103, 103, 88], [173, 184, 232]], [[142, 144, 138, 140], [167, 213, 234, 241]], [[185, 185, 189, 204], [152, 198, 218, 255]], [[175, 130, 107, 96, 74, 51, 51, 64, 97, 132, 183, 214, 222, 220, 212, 192, 181], [148, 164, 181, 181, 148, 132, 120, 98, 78, 70, 74, 93, 103, 114, 123, 136, 146]], [[165, 173, 183, 187], [56, 31, 16, 2]], [[193, 212, 232], [76, 45, 0]], [[181, 171, 171, 179, 173, 171], [101, 97, 107, 97, 106, 99]], [[93, 95, 92, 72, 60], [148, 168, 189, 208, 214]], [[62, 35, 0], [134, 177, 195]], [[197, 206, 220, 228, 238, 248, 249], [121, 154, 189, 199, 206, 206, 202]], [[113, 103], [97, 107]], [[88, 78], [107, 123]], [[78, 105], [128, 128]], [[113, 119], [128, 125]], [[130, 130], [119, 121]], [[136, 146], [115, 119]], [[152, 154, 148], [132, 154, 160]], [[134, 130], [156, 156]], [[121, 121], [136, 132]], [[125, 125], [119, 115]], [[123, 103], [117, 179]], [[103, 99, 109, 121], [179, 157, 146, 123]]]",ant
127,"[[[27, 15, 2, 0, 5, 26, 40, 55, 73, 75, 73, 50, 42, 33], [16, 24, 44, 71, 85, 100, 100, 94, 82, 74, 44, 5, 0, 3]], [[80, 95, 122, 143, 150, 143, 122, 82, 72], [42, 32, 31, 42, 57, 68, 82, 85, 82]], [[134, 149, 173, 186, 197, 218, 212, 188, 162], [43, 32, 23, 24, 34, 61, 67, 75, 72]], [[205, 227, 240, 246, 255, 254, 245, 217, 204], [39, 32, 32, 38, 57, 62, 66, 73, 73]], [[96, 100], [88, 106]], [[128, 134], [77, 105]], [[162, 166], [76, 97]]]",ant
128,"[[[0, 11, 26, 36, 58, 73, 76, 72, 50, 34, 22, 5], [34, 10, 1, 0, 4, 15, 23, 30, 54, 57, 54, 40]], [[78, 97, 131, 138, 142, 138, 130, 109, 87, 77, 73], [21, 25, 26, 29, 38, 47, 54, 61, 55, 49, 41]], [[166, 182, 207, 217, 232, 226, 202, 183, 141], [38, 30, 31, 35, 47, 55, 62, 63, 53]], [[70, 74], [93, 91]], [[89, 52, 27], [71, 76, 92]], [[163, 188, 199, 203], [69, 88, 103, 112]], [[130, 136], [69, 106]], [[226, 243, 250, 255], [81, 87, 95, 107]]]",ant
129,"[[[57, 40, 27, 11, 0, 0, 7, 25, 40, 60, 79, 91, 96, 94, 68], [3, 0, 3, 8, 18, 26, 36, 49, 55, 57, 54, 42, 20, 10, 6]], [[91, 114, 165, 197, 238, 250, 255, 251, 221, 124, 102, 84], [28, 28, 13, 10, 10, 13, 22, 31, 42, 50, 58, 58]], [[18, 23, 26], [8, 24, 24]], [[67, 63, 60], [28, 37, 37]], [[127, 135, 135, 138], [54, 65, 121, 125]], [[193, 193, 195, 200, 203], [16, 80, 93, 104, 104]], [[240, 242], [11, 88]]]",ant
130,"[[[31, 11, 4], [75, 94, 116]], [[83, 85, 84], [78, 88, 130]], [[117, 132, 142, 142], [85, 93, 108, 141]], [[17, 51, 58, 59, 48, 24, 14, 2, 0, 13, 31], [44, 44, 55, 61, 67, 72, 66, 52, 46, 39, 39]], [[71, 93, 97, 89, 73, 68, 64, 70, 86], [41, 39, 44, 69, 73, 67, 52, 44, 39]], [[96, 115, 143, 158, 160, 161, 154, 139, 104, 99, 99, 114], [38, 30, 28, 37, 43, 52, 63, 71, 68, 60, 44, 28]], [[151, 195], [25, 0]], [[157, 218, 241, 255], [42, 11, 3, 1]]]",ant
131,"[[[102, 6, 0, 0, 35, 61, 92, 111, 112], [0, 0, 19, 51, 76, 76, 70, 51, 22]], [[112, 233, 248, 255, 255, 252, 181, 118, 105], [22, 22, 25, 45, 83, 99, 105, 105, 102]], [[134, 128], [108, 143]], [[207, 207], [108, 166]]]",ant
132,"[[[3, 0, 12, 43, 57, 69, 78, 79, 59, 9, 7], [17, 49, 59, 72, 74, 74, 66, 39, 17, 3, 8]], [[62, 71, 112, 130, 135, 132, 123, 114, 91, 74], [0, 0, 15, 35, 48, 64, 74, 79, 79, 69]], [[120, 167, 179, 181, 150, 130], [14, 30, 48, 58, 73, 78]], [[52, 47], [73, 95]], [[68, 76], [90, 118]], [[137, 138], [93, 93]], [[135, 145, 152], [86, 94, 108]], [[160, 238, 253, 255, 245, 211, 198], [20, 15, 31, 56, 74, 91, 90]]]",ant
133,"[[[191, 165, 162, 165, 172, 191, 228, 250, 255, 248, 219, 210, 195], [64, 90, 103, 113, 120, 131, 132, 129, 121, 104, 75, 69, 65]], [[142, 142], [57, 57]], [[142, 74, 71, 72, 90, 108, 119, 137, 143, 155, 154, 146, 140], [57, 60, 65, 74, 110, 123, 126, 124, 104, 84, 69, 57, 55]], [[15, 1, 0, 3, 10, 23, 47, 69, 87], [48, 61, 66, 90, 100, 104, 106, 106, 101]], [[87, 64], [66, 46]], [[14, 41, 68, 87], [44, 17, 10, 0]], [[6, 5, 9], [107, 171, 175]], [[113, 112], [118, 188]]]",ant
134,"[[[9, 0, 5, 25, 39, 65, 72, 76, 74, 59, 34, 25, 24], [94, 94, 80, 60, 54, 53, 56, 64, 78, 85, 85, 78, 69]], [[70, 113, 144, 171, 175, 172, 160, 136, 85, 79, 77], [55, 46, 44, 44, 51, 59, 69, 79, 79, 75, 69]], [[172, 190, 212, 217, 215, 185], [42, 35, 32, 41, 48, 50]], [[217, 217], [32, 32]], [[205, 226], [28, 0]], [[220, 255], [42, 9]], [[167, 165, 150], [69, 125, 118]], [[119, 108, 96], [67, 91, 106]], [[70, 55], [81, 118]]]",ant
135,"[[[121, 115, 97, 83, 41, 23, 10, 4, 0, 0, 5, 26, 80, 162, 223, 247, 255, 241, 222, 191, 170, 100], [49, 56, 63, 66, 66, 73, 84, 100, 113, 129, 135, 140, 141, 122, 117, 103, 85, 63, 51, 47, 51, 54]], [[61, 54, 47], [144, 150, 184]], [[90, 95, 98, 99, 102], [144, 146, 155, 182, 172]], [[137, 140, 145], [119, 125, 175]], [[185, 190, 200, 202], [118, 124, 166, 165]], [[228, 233, 243, 240], [110, 116, 146, 157]], [[50, 46, 46, 49], [51, 43, 20, 14]], [[128, 127, 114], [47, 32, 4]], [[171, 167, 164, 167], [50, 44, 1, 5]], [[216, 222, 229], [41, 34, 4]]]",ant
136,"[[[56, 41, 32, 30, 33], [60, 73, 89, 110, 116]], [[85, 88, 100], [79, 93, 102]], [[130, 127, 132, 147, 165], [61, 67, 77, 95, 108]], [[54, 16, 2, 0, 9, 22, 36, 55, 75, 85, 86, 78, 57, 47], [60, 64, 51, 23, 11, 2, 0, 3, 9, 18, 35, 49, 66, 63]], [[71, 88, 109, 149, 165, 169, 169, 162, 150, 107, 89, 90], [51, 59, 62, 62, 56, 51, 35, 23, 14, 10, 15, 17]], [[171, 181, 191, 232, 241, 255], [48, 56, 59, 61, 60, 48]]]",ant
137,"[[[94, 81, 36, 12, 3, 0, 3, 11, 25, 50, 64, 76, 77, 68, 53, 41], [73, 74, 91, 105, 118, 150, 162, 180, 185, 185, 179, 161, 116, 89, 78, 74]], [[118, 100, 85, 72, 69, 69, 75, 94, 106, 117, 139, 143, 131, 113], [82, 82, 91, 106, 120, 139, 150, 162, 165, 163, 132, 109, 95, 84]], [[172, 151, 143, 138, 136, 141, 152, 173, 185, 189, 189, 182, 171], [94, 89, 91, 98, 118, 128, 136, 143, 142, 125, 99, 85, 73]], [[175, 180, 186, 202, 211], [80, 75, 45, 12, 0]], [[192, 219, 234, 255], [109, 94, 81, 54]], [[163, 163, 172, 201], [144, 156, 176, 176]], [[177, 189, 197], [139, 153, 151]], [[86, 94, 104, 110], [168, 197, 199, 191]], [[112, 120, 125, 130, 137], [162, 177, 178, 177, 166]], [[6, 16, 22, 28, 48], [188, 230, 242, 242, 228]], [[48, 57, 62, 78], [191, 213, 213, 203]]]",ant
138,"[[[211, 206], [68, 70]], [[211, 224, 255], [62, 37, 0]], [[206, 73, 60, 33, 8, 0], [70, 70, 73, 94, 106, 107]], [[60, 73, 78, 81, 91], [75, 81, 94, 119, 143]], [[172, 159, 148], [81, 96, 122]], [[172, 185, 216], [73, 78, 130]]]",ant
139,"[[[209, 198, 180, 177, 179, 189, 210, 243, 253, 255, 251, 231, 218, 210, 203], [16, 16, 40, 57, 67, 74, 77, 67, 56, 44, 34, 10, 0, 2, 12]], [[174, 151, 109, 96, 96, 106, 128, 168, 167, 159], [42, 27, 17, 55, 78, 83, 83, 75, 66, 52]], [[63, 59, 38, 28, 11, 0, 6, 11, 21, 32, 57, 78, 83, 79, 72, 49], [48, 39, 30, 31, 41, 55, 87, 100, 111, 112, 102, 85, 76, 56, 48, 35]], [[46, 40, 42], [102, 127, 147]], [[78, 93, 99], [118, 142, 146]], [[148, 137], [95, 139]], [[110, 103], [107, 141]], [[215, 229], [107, 143]]]",ant
140,"[[[50, 107, 188, 198, 201, 200, 195, 156, 147, 137, 205, 234, 253, 255, 248, 223, 193, 159, 97, 49, 10, 1, 0, 2, 7, 40, 84, 86, 81, 59, 48, 46, 54], [198, 190, 188, 185, 175, 158, 149, 144, 138, 68, 80, 79, 75, 61, 35, 17, 6, 2, 0, 7, 9, 14, 58, 69, 72, 70, 57, 71, 97, 112, 128, 159, 190]]]",anvil
141,"[[[3, 0, 25, 29, 27, 3, 4, 112, 113, 90, 91, 141, 117, 95, 3], [6, 35, 34, 47, 65, 69, 86, 86, 62, 54, 31, 19, 9, 6, 6]], [[209, 210], [6, 24]], [[253, 254], [0, 21]], [[224, 225, 229, 238, 234, 224], [36, 48, 53, 31, 29, 33]]]",anvil
142,"[[[9, 6, 8, 13, 86, 178, 240, 255, 250, 236, 133, 8], [0, 43, 49, 53, 62, 67, 67, 57, 48, 39, 5, 2]], [[76, 83, 85, 75, 5, 0, 1, 14, 79, 205, 211, 214, 213, 208, 175, 159, 150, 149], [68, 107, 154, 158, 154, 182, 208, 212, 206, 213, 210, 203, 167, 161, 154, 139, 113, 67]]]",anvil
143,"[[[2, 67, 84, 102, 114, 120, 121, 117, 221, 216, 216, 233], [55, 36, 53, 56, 51, 43, 32, 22, 0, 3, 11, 90]], [[0, 11, 58, 77, 83, 87, 86, 43, 50, 56, 120, 192, 255, 240, 195, 183, 168, 163, 157, 229], [54, 118, 127, 139, 150, 166, 185, 193, 216, 217, 201, 191, 177, 120, 139, 142, 139, 128, 92, 66]]]",anvil
144,"[[[0, 42, 217, 233], [4, 1, 2, 5]], [[234, 238, 237], [5, 25, 63]], [[13, 8, 8, 15], [0, 7, 21, 57]], [[15, 77, 133], [56, 69, 67]], [[238, 197, 172, 131, 124], [60, 61, 66, 65, 68]], [[71, 74, 77], [72, 151, 165]], [[168, 168, 151], [71, 88, 148]], [[14, 131, 255, 231, 213, 14, 11, 11], [176, 161, 163, 199, 203, 206, 200, 187]]]",anvil
145,"[[[101, 114, 100, 67, 16, 4, 0, 3, 11, 32, 56, 199, 207, 212, 211, 119, 76], [152, 190, 152, 159, 160, 170, 187, 197, 204, 208, 208, 199, 194, 180, 148, 152, 157]], [[35, 58, 63, 67, 68, 143, 178, 182, 163, 162, 164, 176, 191, 201], [155, 140, 131, 113, 80, 83, 79, 82, 116, 139, 145, 152, 155, 154]], [[83, 24, 17, 15, 18, 42, 119, 206, 208, 203, 205, 195, 168], [77, 83, 52, 10, 7, 4, 10, 0, 8, 39, 81, 86, 86]], [[203, 254, 251, 240], [20, 20, 61, 62]]]",anvil
146,"[[[17, 50, 130, 222, 198, 155, 156, 167, 189, 254, 255, 250, 238, 228, 212, 100, 1, 7, 17, 41, 31, 26], [150, 156, 160, 176, 138, 93, 48, 52, 52, 46, 42, 36, 35, 29, 24, 8, 0, 40, 56, 81, 104, 136]]]",anvil
147,"[[[78, 36, 20, 3, 0, 4, 65], [10, 11, 15, 24, 33, 37, 36]], [[79, 84, 102, 130, 153, 166, 171, 171, 166, 161, 253, 254, 244, 144, 101, 92, 73], [36, 98, 99, 92, 78, 66, 56, 42, 30, 27, 27, 15, 0, 9, 9, 13, 9]], [[62, 74], [29, 35]], [[89, 91, 94, 101, 122], [43, 134, 137, 137, 129]]]",anvil
148,"[[[71, 49, 37, 37, 46, 174, 211, 215, 214, 177, 134, 131, 135, 232, 252, 255, 245, 245, 209, 178, 157, 35, 0], [57, 54, 45, 32, 10, 11, 0, 11, 35, 52, 52, 61, 108, 107, 103, 134, 185, 201, 202, 208, 209, 182, 180]]]",anvil
149,"[[[57, 73, 54, 28, 34, 79, 148, 235, 241, 249, 247, 240, 194, 182, 168, 165, 169, 176, 187, 238, 253, 255, 249, 229, 180, 110, 1, 7, 28, 46, 66, 72, 76], [116, 62, 36, 16, 9, 2, 0, 4, 5, 17, 31, 39, 57, 65, 86, 107, 120, 126, 129, 133, 137, 144, 152, 166, 173, 167, 147, 135, 119, 111, 107, 103, 57]]]",anvil
150,"[[[21, 28, 68, 76, 76, 202, 206, 207, 206, 201, 255, 194, 103, 0], [0, 8, 31, 74, 98, 105, 104, 79, 58, 34, 32, 20, 15, 2]], [[52, 66], [8, 21]], [[120, 177], [12, 16]]]",anvil
151,"[[[6, 4, 0, 7, 255, 249, 249, 242, 202, 1], [32, 93, 114, 118, 120, 73, 15, 6, 0, 0]], [[92, 91, 82], [125, 157, 170]], [[148, 154, 161, 170, 155, 62, 61, 68, 200, 204, 204, 207], [132, 141, 168, 186, 191, 192, 236, 239, 238, 230, 201, 196]]]",anvil
152,"[[[11, 2, 2, 50, 55, 58, 49, 0, 7, 57, 255, 253, 206, 180, 174, 174, 184, 209, 246, 255, 255, 253, 192, 148, 5], [8, 53, 91, 92, 107, 135, 158, 179, 183, 192, 187, 182, 165, 150, 139, 109, 89, 85, 87, 27, 5, 0, 0, 8, 8]]]",anvil
153,"[[[54, 0, 4, 29, 115, 235, 255, 203, 134, 60], [0, 32, 36, 42, 54, 55, 50, 28, 21, 7]], [[204, 201, 200, 195, 200], [52, 60, 91, 118, 151]], [[79, 75, 75, 95, 105, 105, 101, 190, 207], [55, 54, 61, 90, 114, 137, 146, 153, 158]]]",anvil
154,"[[[253, 224, 121, 0, 10, 29, 45, 74, 119, 227, 238, 249, 255], [3, 4, 18, 14, 39, 58, 66, 71, 56, 43, 37, 24, 0]], [[131, 141, 148, 152, 158, 212, 222, 230, 229], [60, 161, 185, 189, 189, 175, 164, 99, 40]]]",anvil
155,"[[[80, 204, 206, 166, 163, 165, 190, 227, 255, 253, 193, 4, 0, 8, 59], [132, 135, 85, 74, 70, 48, 45, 52, 52, 8, 0, 1, 2, 8, 36]]]",anvil
156,"[[[70, 31, 0, 6, 48, 91, 181, 215, 226, 216, 197, 170, 159, 155, 151, 151, 168, 255, 214, 185, 70, 34], [35, 28, 27, 21, 7, 1, 0, 2, 18, 34, 44, 44, 39, 42, 61, 101, 107, 116, 134, 139, 138, 133]]]",anvil
157,"[[[10, 84, 178, 251], [0, 1, 16, 18]], [[0, 9, 39, 14, 16, 44, 97, 151, 219], [0, 26, 72, 115, 137, 142, 142, 136, 134]], [[255, 245, 224, 249], [14, 35, 62, 96]]]",anvil
158,"[[[43, 255, 255, 253, 250], [0, 23, 41, 56, 57]], [[250, 212, 189, 195], [57, 100, 118, 137]], [[195, 205, 247, 236, 106, 68, 3, 0, 2, 47, 71, 91, 63], [138, 154, 195, 200, 201, 194, 167, 165, 161, 123, 114, 117, 67]], [[57, 41], [48, 11]]]",anvil
159,"[[[54, 62, 112, 222, 234, 241, 239, 226, 202, 156, 153, 153, 158, 216, 255, 241, 188, 103, 27, 0, 93, 88, 54, 33, 18, 10, 10, 16, 32, 79], [143, 140, 138, 143, 139, 130, 110, 93, 86, 90, 84, 70, 49, 50, 44, 33, 8, 1, 0, 38, 43, 106, 94, 93, 103, 113, 128, 136, 140, 144]]]",anvil
160,"[[[255, 255], [0, 0]], [[255, 255], [0, 0]], [[255, 255], [0, 0]], [[255, 254], [0, 1]], [[131, 124, 114, 69, 37, 10, 0, 0, 5, 16, 31, 50, 68, 86, 101, 115, 126, 135, 137, 135, 122, 106], [50, 39, 39, 59, 89, 127, 172, 194, 215, 233, 244, 249, 249, 241, 225, 203, 174, 143, 114, 88, 65, 45]], [[84, 77, 81, 88, 99, 122, 138, 161, 180], [97, 85, 52, 34, 18, 4, 1, 2, 12]]]",apple
161,"[[[95, 79, 68, 31, 17, 9, 1, 0, 4, 54, 103, 130, 168, 190, 204, 219, 228, 222, 210, 200, 194, 197, 203, 192, 189, 190, 209, 207, 197, 179, 107, 100], [62, 50, 49, 74, 91, 113, 163, 220, 226, 249, 255, 255, 244, 231, 215, 187, 152, 151, 160, 160, 156, 140, 137, 134, 115, 109, 88, 82, 71, 63, 62, 65]], [[100, 100, 104, 110, 115, 115, 108, 107], [58, 17, 1, 0, 12, 22, 44, 64]]]",apple
162,"[[[121, 107, 45, 17, 1, 0, 4, 21, 58, 118, 173, 197, 209, 224, 244, 254, 254, 209, 164, 124], [47, 57, 56, 75, 93, 114, 123, 140, 162, 187, 196, 187, 177, 164, 136, 115, 101, 83, 71, 43]], [[123, 126], [43, 0]]]",apple
163,"[[[104, 80, 54, 28, 11, 0, 1, 8, 20, 51, 90, 111, 147, 170, 198, 213, 229, 248, 255, 255, 243, 221, 213, 161, 120, 111, 110, 117, 141, 115], [54, 38, 38, 53, 80, 128, 164, 183, 201, 228, 244, 249, 250, 244, 232, 220, 197, 157, 126, 97, 68, 45, 41, 35, 54, 66, 50, 32, 0, 61]]]",apple
164,"[[[85, 76, 61, 45, 34, 10, 4, 0, 4, 30, 58, 87], [112, 101, 96, 96, 104, 134, 148, 199, 209, 227, 240, 247]], [[89, 126, 162, 213, 236, 254, 254, 243, 236, 218, 189, 143, 123, 107], [243, 242, 226, 208, 192, 172, 143, 111, 99, 83, 75, 72, 77, 93]], [[69, 68, 75, 77, 83, 87, 109, 118, 119, 113, 102, 75], [107, 91, 52, 15, 1, 1, 21, 37, 58, 85, 103, 103]]]",apple
165,"[[[184, 160, 135, 100, 50, 14, 4, 0, 27, 50, 70, 108, 156, 201, 218, 221, 223, 212, 196, 180], [250, 229, 224, 251, 255, 234, 175, 118, 77, 58, 56, 68, 68, 106, 131, 145, 163, 203, 218, 218]], [[111, 107, 100], [61, 55, 0]], [[99, 76, 70, 74, 83], [42, 37, 27, 25, 28]]]",apple
166,"[[[59, 31, 4, 0, 7, 43, 74, 114, 144, 164, 195, 207, 217, 231, 231, 225, 206, 187, 141, 86, 43], [59, 78, 115, 156, 180, 223, 245, 255, 254, 249, 231, 218, 199, 153, 125, 110, 90, 79, 63, 60, 65]], [[89, 87, 89, 96, 93, 92], [49, 13, 38, 65, 42, 0]], [[81, 52, 48, 51, 85, 102], [19, 18, 24, 27, 32, 30]]]",apple
167,"[[[86, 48, 22, 10, 4, 0, 0, 4, 15, 36, 69, 110, 156, 196, 209, 229, 240, 239, 229, 217, 151, 118, 103, 95, 76, 54], [91, 84, 85, 90, 99, 124, 153, 166, 185, 211, 235, 252, 255, 244, 235, 199, 131, 72, 62, 59, 60, 70, 81, 94, 63, 39]], [[83, 103, 113, 130, 130, 122, 97], [65, 22, 11, 0, 44, 58, 91]]]",apple
168,"[[[105, 100, 72, 53, 13, 0, 1, 12, 21, 49, 89, 102, 111, 125, 164, 182, 221, 242, 253, 255, 243, 224, 181, 166, 134, 122, 111, 101, 93], [227, 220, 220, 213, 178, 145, 119, 99, 93, 87, 87, 93, 80, 71, 64, 64, 86, 104, 122, 153, 176, 194, 221, 229, 237, 237, 234, 225, 205]], [[101, 97, 97, 106, 116, 122], [87, 66, 35, 14, 2, 0]], [[206, 200, 199], [84, 94, 117]]]",apple
169,"[[[114, 145, 173, 193, 208, 228, 228, 226, 194, 179, 163, 118, 101, 75, 56, 48, 20, 12, 2, 0, 0, 8, 25, 41, 67, 102, 109, 94, 70], [81, 62, 62, 70, 86, 123, 156, 166, 227, 242, 248, 248, 253, 255, 255, 252, 236, 229, 204, 184, 139, 112, 96, 87, 81, 80, 72, 38, 23]], [[104, 112, 124, 134, 124, 111, 106], [70, 64, 39, 5, 1, 19, 39]]]",apple
170,"[[[15, 6, 1, 0, 8, 26, 38, 57, 82, 102, 125, 139, 149, 151, 147, 124, 110, 62, 47, 25, 11, 7], [255, 238, 213, 133, 100, 64, 52, 38, 36, 48, 68, 83, 103, 121, 141, 181, 198, 235, 241, 240, 234, 228]], [[77, 77], [41, 2]], [[74, 69, 64, 55], [33, 58, 67, 73]]]",apple
171,"[[[65, 35, 22, 6, 0, 0, 5, 22, 49, 55, 67, 75, 109, 121, 150, 156, 156, 148, 134, 121, 108, 95, 62, 58], [241, 243, 238, 211, 169, 126, 107, 83, 71, 71, 81, 81, 63, 80, 104, 150, 173, 201, 228, 242, 251, 255, 255, 242]], [[70, 73, 79, 90, 116, 130, 165], [83, 36, 19, 11, 1, 0, 30]]]",apple
172,"[[[102, 88, 75, 49, 40, 24, 11, 3, 0, 4, 24, 70, 87, 101], [71, 63, 61, 61, 64, 74, 87, 98, 114, 135, 168, 206, 217, 221]], [[103, 153, 183, 201, 215, 233, 247, 252, 255, 243, 228, 180, 148], [68, 44, 35, 33, 34, 42, 54, 66, 106, 139, 157, 190, 221]], [[98, 122, 145, 151], [218, 213, 215, 211]], [[101, 110, 120, 139, 166], [70, 41, 27, 10, 0]], [[166, 168, 130, 110], [0, 3, 32, 65]]]",apple
173,"[[[0, 14, 28, 59, 74, 87, 110, 134, 147, 161, 175, 185, 185, 178, 175, 151, 138, 131, 118, 111, 93, 71, 66, 41, 21, 8, 8, 32], [85, 71, 68, 69, 79, 81, 81, 71, 71, 74, 81, 116, 141, 160, 176, 232, 252, 255, 254, 241, 247, 247, 241, 177, 148, 103, 90, 80]], [[99, 95, 95, 103, 115, 138], [64, 72, 34, 10, 0, 0]], [[86, 109, 131, 138, 139, 134, 126], [32, 27, 30, 34, 40, 47, 49]]]",apple
174,"[[[106, 79, 61, 43, 25, 14, 3, 0, 1, 10, 23, 42, 65, 83, 99, 121, 139, 157, 174, 209, 221, 233, 251, 255, 255, 254, 248, 226, 201, 163, 109, 107, 104, 118, 139, 160, 162, 159, 139, 124, 117], [89, 73, 71, 82, 102, 121, 150, 168, 195, 219, 231, 241, 247, 245, 238, 213, 225, 230, 233, 231, 225, 213, 181, 165, 143, 130, 118, 100, 89, 83, 87, 85, 62, 33, 10, 0, 5, 12, 34, 57, 86]]]",apple
175,"[[[133, 129, 119, 72, 28, 3, 0, 4, 11, 37, 51, 65, 100, 148, 165, 208, 231, 243, 240, 225, 212, 199, 187, 153, 133], [71, 64, 55, 42, 53, 106, 132, 161, 183, 229, 243, 249, 254, 255, 250, 224, 187, 144, 96, 65, 52, 48, 48, 59, 75]], [[130, 118, 133, 138, 144, 142], [62, 0, 4, 42, 61, 74]]]",apple
176,"[[[85, 80, 65, 47, 29, 22, 11, 2, 0, 9, 24, 58, 82, 106, 123, 134, 143, 149, 149, 140, 124, 116, 102, 95, 91, 84, 34, 30, 54, 62, 91, 95, 103, 129, 143], [106, 91, 81, 75, 82, 91, 121, 173, 205, 233, 248, 255, 251, 237, 219, 202, 179, 145, 127, 103, 93, 92, 107, 110, 68, 58, 13, 6, 0, 5, 43, 60, 62, 41, 24]]]",apple
177,"[[[38, 38], [128, 128]], [[114, 124, 138, 149, 183, 192, 212, 218, 215, 194, 155, 145, 101, 68, 45, 37, 17, 0, 3, 24, 42, 65, 98, 111, 101, 90, 78, 118, 124, 110], [68, 50, 39, 41, 54, 63, 105, 125, 145, 213, 246, 250, 255, 244, 229, 221, 180, 134, 99, 77, 66, 60, 67, 90, 34, 13, 1, 0, 4, 89]]]",apple
178,"[[[22, 76, 190, 205, 225, 245, 244, 224, 201, 190], [60, 54, 54, 59, 73, 112, 135, 183, 218, 229]], [[18, 12, 3, 0, 34, 42, 54, 66, 138, 167, 190, 195, 195], [54, 58, 75, 109, 196, 229, 251, 255, 252, 243, 232, 226, 219]], [[74, 94, 110, 118, 128], [82, 91, 92, 90, 78]], [[96, 106, 116, 118, 129, 153, 164, 159, 148, 105], [0, 90, 72, 61, 43, 25, 20, 40, 56, 106]]]",apple
179,"[[[93, 95, 100, 115, 134, 161, 186, 204, 226, 238, 244, 248, 248, 240, 228, 215, 169, 116, 81, 64, 48, 20, 8, 0, 3, 17, 33, 69, 103], [121, 113, 105, 89, 76, 71, 71, 79, 99, 117, 137, 159, 193, 214, 228, 237, 250, 255, 255, 249, 236, 206, 183, 149, 115, 102, 96, 96, 107]], [[112, 100, 103, 114, 131], [99, 79, 39, 18, 0]]]",apple
180,"[[[6, 13, 41, 56, 66, 95, 118, 129, 152, 190, 199, 181, 180, 190, 204, 209, 235, 234, 253, 255, 225, 199, 181, 163, 144, 120, 74, 0], [109, 112, 92, 87, 88, 110, 110, 107, 91, 37, 20, 18, 16, 6, 2, 12, 0, 20, 15, 21, 59, 118, 141, 153, 159, 159, 152, 151]]]",arm
181,"[[[27, 35, 64, 93, 116, 175, 226], [2, 0, 9, 24, 41, 96, 164]], [[22, 14, 0, 7, 25, 65, 141, 160, 175, 220], [6, 10, 37, 43, 76, 121, 183, 195, 195, 164]], [[210, 235, 238, 240, 236, 227, 233, 235, 233, 220, 204, 206, 212, 216, 215, 210, 200, 183, 176, 179, 160, 151, 147, 146, 161], [156, 154, 156, 164, 188, 194, 195, 199, 222, 229, 228, 224, 225, 233, 245, 252, 255, 248, 239, 229, 248, 252, 250, 238, 203]]]",arm
182,"[[[119, 114, 86, 48, 38, 35, 34, 42, 42, 49, 50, 60, 64, 90, 110, 122, 139, 148, 175, 179, 178], [104, 150, 166, 181, 182, 188, 193, 204, 212, 211, 216, 219, 225, 223, 213, 198, 195, 188, 188, 171, 107]], [[53, 40, 20, 10, 10, 14, 20, 33, 14, 12, 15, 60, 70, 73, 66, 48, 42, 45, 86, 120, 170, 180, 185, 184, 174, 172, 157, 92, 86, 88, 111, 108, 96, 76, 55, 30, 12, 0, 11, 26, 26, 34], [180, 188, 191, 216, 222, 225, 225, 217, 229, 232, 236, 238, 235, 229, 231, 245, 253, 255, 251, 237, 208, 194, 165, 142, 107, 82, 74, 55, 46, 37, 23, 16, 9, 1, 0, 10, 23, 47, 56, 61, 104, 156]]]",arm
183,"[[[0, 34, 49, 59, 70, 76, 98, 109, 127, 156, 193, 200, 203, 208, 219, 223, 232, 252, 255, 238, 248, 254, 254, 248, 218, 222, 211, 198, 195, 154, 117, 101, 88, 48, 47], [11, 0, 1, 5, 33, 77, 128, 143, 155, 162, 161, 152, 123, 118, 141, 142, 137, 137, 146, 161, 169, 179, 184, 186, 185, 215, 221, 221, 198, 198, 193, 185, 173, 114, 68]]]",arm
184,"[[[4, 2, 0, 2, 12, 33, 88, 189, 213, 219], [7, 15, 113, 126, 140, 147, 153, 149, 143, 137]], [[55, 60, 55, 62, 90, 154, 174, 194, 199, 201, 188, 209, 239, 244, 240, 220, 239, 235, 253, 255, 241, 253, 254, 236, 209], [0, 30, 95, 108, 117, 121, 112, 90, 89, 99, 118, 111, 111, 113, 117, 124, 118, 123, 124, 127, 136, 135, 138, 151, 147]]]",arm
185,"[[[45, 46, 42, 33, 34, 25, 20, 17, 17, 26, 13, 5, 3, 13, 16, 7, 1, 1, 7, 25, 63, 161], [11, 7, 1, 2, 18, 13, 13, 18, 27, 31, 29, 34, 43, 46, 43, 43, 54, 65, 69, 71, 62, 67]], [[51, 52, 59, 95, 152, 175], [7, 19, 25, 38, 36, 39]], [[170, 144], [39, 80]], [[171, 179, 223], [39, 23, 27]], [[145, 208, 191, 183, 236, 255], [87, 85, 116, 158, 160, 167]], [[225, 253], [27, 28]]]",arm
186,"[[[255, 247, 192, 162, 148, 114, 101, 81, 97, 96, 86, 78, 61, 36, 29, 25, 27, 32, 3, 1, 1, 14, 2, 0, 6, 15, 20, 26, 35, 42, 56, 100], [205, 207, 188, 168, 155, 110, 79, 52, 16, 1, 2, 20, 6, 3, 8, 17, 25, 32, 34, 37, 46, 62, 72, 84, 89, 89, 110, 111, 106, 95, 105, 176]]]",arm
187,"[[[141, 206, 221, 214], [115, 143, 146, 151]], [[132, 149, 180, 255, 229], [168, 161, 164, 181, 182]], [[130, 152, 150, 145, 136, 128, 116, 115, 109, 83, 54, 36, 20, 1, 9, 58, 30, 6, 8, 26, 49, 38, 67, 43, 31, 31, 36, 55, 65, 68, 71, 96, 116, 122, 128, 139], [109, 93, 19, 5, 0, 1, 38, 60, 65, 56, 37, 34, 35, 47, 58, 63, 73, 77, 84, 92, 93, 126, 114, 127, 147, 155, 161, 174, 176, 169, 146, 163, 130, 109, 102, 99]]]",arm
188,"[[[37, 63, 87, 113, 157, 189, 202, 219, 230, 230, 217, 226, 240, 248, 245, 231, 253, 255, 252, 236, 252, 255, 224, 182, 107, 58, 0], [29, 41, 46, 59, 73, 99, 105, 117, 117, 111, 99, 99, 104, 101, 93, 85, 83, 77, 74, 70, 69, 60, 51, 46, 14, 4, 0]]]",arm
189,"[[[0, 101, 131, 208, 233, 246, 249, 248, 227, 244, 254, 255, 249, 231, 241, 247, 242, 228, 233, 230, 217, 212, 207, 193, 184], [7, 106, 97, 63, 73, 71, 66, 63, 52, 47, 40, 36, 33, 39, 31, 17, 15, 27, 10, 0, 18, 9, 8, 43, 52]]]",arm
190,"[[[68, 56, 53, 56, 63, 56, 54, 67, 64, 68, 73, 82, 82, 85, 90, 92, 101, 106, 108, 104, 84, 77, 88], [23, 71, 120, 180, 208, 217, 231, 220, 249, 250, 246, 227, 241, 243, 238, 225, 235, 237, 235, 222, 200, 170, 20]], [[55, 58, 66, 68], [85, 44, 15, 17]], [[88, 76, 57, 28, 11, 1, 2, 15, 29, 46, 73, 88, 103, 118], [2, 0, 6, 32, 59, 105, 153, 205, 230, 245, 255, 254, 246, 233]]]",arm
191,"[[[6, 31, 69, 210], [11, 27, 36, 44]], [[0, 20, 64, 155, 190, 203], [35, 51, 71, 80, 80, 76]], [[206, 209, 215, 225, 228, 224, 244, 250, 247, 231, 251, 253, 238, 253, 255, 252, 242, 232, 234, 229, 222, 211, 202], [41, 14, 5, 0, 17, 30, 26, 31, 39, 44, 50, 59, 62, 73, 79, 84, 89, 80, 98, 104, 106, 94, 68]]]",arm
192,"[[[35, 11, 1, 1, 8, 37, 25, 17, 14, 19, 25, 36, 52, 44, 42, 45, 51, 62, 73, 72, 74, 83, 89, 95, 102, 102, 96], [63, 48, 35, 29, 28, 45, 34, 20, 8, 4, 3, 8, 30, 17, 5, 2, 0, 7, 29, 15, 10, 1, 1, 4, 16, 23, 33]], [[98, 112, 121, 124, 121, 99, 86, 94, 100, 108, 112, 121, 185], [32, 26, 29, 35, 40, 50, 61, 188, 226, 250, 254, 255, 241]], [[33, 35, 49], [62, 98, 173]]]",arm
193,"[[[0, 4, 18], [12, 44, 98]], [[64, 69, 63], [0, 78, 100]], [[10, 24, 43, 70, 119, 169, 174, 172], [105, 123, 137, 150, 150, 138, 135, 134]], [[64, 136, 172, 200, 199, 204, 225, 238, 244, 242, 218, 255, 252, 246, 223, 245, 223, 209, 233, 232, 220, 205, 181, 167], [105, 101, 106, 92, 103, 107, 94, 91, 98, 102, 116, 112, 120, 125, 131, 136, 141, 139, 150, 156, 160, 153, 137, 132]]]",arm
194,"[[[242, 230, 223, 215, 183, 128, 96, 64, 39, 27, 23, 22, 40, 41, 30, 9, 0, 12, 35, 26, 3, 4, 18, 39, 35, 11, 6, 7, 18, 33, 46, 33, 36, 45, 53, 72, 126, 206, 243, 255], [0, 91, 107, 114, 126, 136, 137, 132, 112, 110, 113, 120, 134, 138, 143, 146, 154, 160, 157, 163, 169, 172, 173, 170, 174, 181, 186, 189, 189, 184, 184, 200, 204, 204, 200, 175, 169, 152, 136, 120]]]",arm
195,"[[[197, 187, 162, 143, 126, 94, 79, 70, 47, 38, 20, 10, 2, 0, 15, 32, 9, 49, 67, 44, 9, 7, 68, 80, 120, 154, 169, 197, 222, 242, 255], [0, 21, 35, 50, 57, 57, 60, 56, 53, 48, 30, 31, 43, 56, 64, 63, 78, 78, 72, 85, 91, 95, 102, 97, 96, 88, 83, 60, 48, 33, 29]]]",arm
196,"[[[255, 191, 59, 56, 58, 79, 109, 130, 138, 138, 131, 110, 115, 108, 94, 86, 87, 83, 74, 59, 53, 52, 46, 30, 17, 18, 26, 15, 0, 1, 9, 3, 48, 125, 189, 249, 254, 255], [149, 132, 109, 105, 94, 63, 39, 38, 34, 29, 25, 29, 15, 9, 11, 17, 10, 3, 0, 5, 14, 9, 7, 7, 17, 22, 30, 31, 48, 56, 64, 93, 154, 173, 176, 197, 197, 191]]]",arm
197,"[[[191, 155, 72, 42, 34, 19, 6, 0, 28, 14, 10, 13, 21, 29, 39, 40, 47, 56, 63, 68, 75, 83, 85, 93, 100, 103, 110, 130, 130, 122], [0, 36, 157, 183, 179, 178, 179, 185, 195, 203, 214, 222, 227, 226, 217, 239, 242, 241, 227, 241, 246, 242, 232, 249, 255, 254, 241, 244, 212, 198]]]",arm
198,"[[[7, 6, 0, 0, 3, 10, 126, 203, 226, 244, 243, 237, 217, 217, 233, 254, 253, 241, 205, 226, 209, 202, 190, 163, 57, 59, 72, 73], [0, 40, 68, 93, 104, 110, 110, 95, 84, 71, 67, 64, 67, 70, 70, 64, 61, 59, 59, 50, 46, 63, 71, 73, 95, 78, 47, 24]]]",arm
199,"[[[186, 208, 232, 230, 218, 210, 200, 239, 239, 229, 255, 254, 247, 217, 164, 109, 61, 36, 23, 5, 0], [0, 0, 5, 15, 32, 38, 40, 33, 55, 67, 68, 74, 80, 104, 111, 111, 104, 104, 102, 94, 81]]]",arm
